s;o;KindOfLink
http://linkeddata.ge.imati.cnr.it/resource/ThIST/acidocloridrico;http://www.eionet.europa.eu/gemet/concept/4094;E
http://linkeddata.ge.imati.cnr.it/resource/ThIST/acidocloridrico;http://www.eionet.europa.eu/gemet/concept/4094;E
http://linkeddata.ge.imati.cnr.it/resource/ThIST/acidosolforico;http://www.eionet.europa.eu/gemet/concept/8203;E
http://linkeddata.ge.imati.cnr.it/resource/ThIST/africacentrale;http://www.eionet.europa.eu/gemet/concept/1255;E
http://linkeddata.ge.imati.cnr.it/resource/ThIST/africameridionale;http://www.eionet.europa.eu/gemet/concept/7950;E
http://linkeddata.ge.imati.cnr.it/resource/ThIST/africaoccidentale;http://www.eionet.europa.eu/gemet/concept/9293;E
http://linkeddata.ge.imati.cnr.it/resource/ThIST/africaorientale;http://www.eionet.europa.eu/gemet/concept/2411;E
http://linkeddata.ge.imati.cnr.it/resource/ThIST/europa;http://www.eionet.europa.eu/gemet/concept/2992;C
http://linkeddata.ge.imati.cnr.it/resource/ThIST/europa;http://www.eionet.europa.eu/gemet/concept/2992;E
http://linkeddata.ge.imati.cnr.it/resource/ThIST/americacentrale;http://www.eionet.europa.eu/gemet/concept/1256;E
http://linkeddata.ge.imati.cnr.it/resource/ThIST/analisichimica;http://www.eionet.europa.eu/gemet/concept/1298;E
http://linkeddata.ge.imati.cnr.it/resource/ThIST/analisistatistica;http://www.eionet.europa.eu/gemet/concept/8074;E
http://linkeddata.ge.imati.cnr.it/resource/ThIST/colorimetria;http://www.eionet.europa.eu/gemet/concept/1570;E
http://linkeddata.ge.imati.cnr.it/resource/ThIST/cromatografia;http://www.eionet.europa.eu/gemet/concept/1400;E
http://linkeddata.ge.imati.cnr.it/resource/ThIST/troposfera;http://www.eionet.europa.eu/gemet/concept/8695;E
http://linkeddata.ge.imati.cnr.it/resource/ThIST/neve;http://www.eionet.europa.eu/gemet/concept/7769;E
http://linkeddata.ge.imati.cnr.it/resource/ThIST/pioggiaacida;http://www.eionet.europa.eu/gemet/concept/51;E
http://linkeddata.ge.imati.cnr.it/resource/ThIST/cordonelitorale;http://www.eionet.europa.eu/gemet/concept/10149;C
http://linkeddata.ge.imati.cnr.it/resource/ThIST/bacinosedimentario;http://www.eionet.europa.eu/gemet/concept/7560;E
http://linkeddata.ge.imati.cnr.it/resource/ThIST/bacinoidrografico;http://www.eionet.europa.eu/gemet/concept/12145;C
http://linkeddata.ge.imati.cnr.it/resource/ThIST/ponte;http://www.eionet.europa.eu/gemet/concept/1001;E
http://linkeddata.ge.imati.cnr.it/resource/ThIST/medicina;http://www.eionet.europa.eu/gemet/concept/5144;E
http://linkeddata.ge.imati.cnr.it/resource/ThIST/lana;http://www.eionet.europa.eu/gemet/concept/9363;E
http://linkeddata.ge.imati.cnr.it/resource/ThIST/montagna;http://www.eionet.europa.eu/gemet/concept/5401;E
http://linkeddata.ge.imati.cnr.it/resource/ThIST/nave;http://www.eionet.europa.eu/gemet/concept/7654;E
http://linkeddata.ge.imati.cnr.it/resource/ThIST/calcestruzzo;http://www.eionet.europa.eu/gemet/concept/1677;E
http://linkeddata.ge.imati.cnr.it/resource/ThIST/rijeka;http://www.eionet.europa.eu/gemet/concept/7244;NA
http://linkeddata.ge.imati.cnr.it/resource/ThIST/ambientecostiero;http://www.eionet.europa.eu/gemet/concept/1517;E
http://linkeddata.ge.imati.cnr.it/resource/ThIST/ambientemarino;http://www.eionet.europa.eu/gemet/concept/5033;E
http://linkeddata.ge.imati.cnr.it/resource/ThIST/ambienteterrestre;http://www.eionet.europa.eu/gemet/concept/10198;E
http://linkeddata.ge.imati.cnr.it/resource/ThIST/piena;http://www.eionet.europa.eu/gemet/concept/3298;E
http://linkeddata.ge.imati.cnr.it/resource/ThIST/deserto;http://www.eionet.europa.eu/gemet/concept/2103;E
http://linkeddata.ge.imati.cnr.it/resource/ThIST/erosionedelsuolo;http://www.eionet.europa.eu/gemet/concept/7858;E
http://linkeddata.ge.imati.cnr.it/resource/ThIST/erosioneeolica;http://www.eionet.europa.eu/gemet/concept/9330;E
http://linkeddata.ge.imati.cnr.it/resource/ThIST/erosioneidrica;http://www.eionet.europa.eu/gemet/concept/9168;E
http://linkeddata.ge.imati.cnr.it/resource/ThIST/calanco;http://www.eionet.europa.eu/gemet/concept/10142;C
http://linkeddata.ge.imati.cnr.it/resource/ThIST/europaoccidentale;http://www.eionet.europa.eu/gemet/concept/9295;E
http://linkeddata.ge.imati.cnr.it/resource/ThIST/europaorientale;http://www.eionet.europa.eu/gemet/concept/2413;E
http://linkeddata.ge.imati.cnr.it/resource/ThIST/prato;http://www.eionet.europa.eu/gemet/concept/5110;NA
http://linkeddata.ge.imati.cnr.it/resource/ThIST/corsodacqua;http://www.eionet.europa.eu/gemet/concept/9161;C
http://linkeddata.ge.imati.cnr.it/resource/ThIST/corsodacqua;http://www.eionet.europa.eu/gemet/concept/9161;C
http://linkeddata.ge.imati.cnr.it/resource/ThIST/cascata;http://www.eionet.europa.eu/gemet/concept/9170;E
http://linkeddata.ge.imati.cnr.it/resource/ThIST/fiume;http://www.eionet.europa.eu/gemet/concept/7244;E
http://linkeddata.ge.imati.cnr.it/resource/ThIST/fiume;http://www.eionet.europa.eu/gemet/concept/7244;NA
http://linkeddata.ge.imati.cnr.it/resource/ThIST/devoluzione;http://www.eionet.europa.eu/gemet/concept/11632;E
http://linkeddata.ge.imati.cnr.it/resource/ThIST/geologiamarina;http://www.eionet.europa.eu/gemet/concept/5038;E
http://linkeddata.ge.imati.cnr.it/resource/ThIST/geologiamineraria;http://www.eionet.europa.eu/gemet/concept/5288;E
http://linkeddata.ge.imati.cnr.it/resource/ThIST/terremoto;http://www.eionet.europa.eu/gemet/concept/2402;E
http://linkeddata.ge.imati.cnr.it/resource/ThIST/autostrada;http://www.eionet.europa.eu/gemet/concept/5395;C
http://linkeddata.ge.imati.cnr.it/resource/ThIST/argilla;http://www.eionet.europa.eu/gemet/concept/1449;E
http://linkeddata.ge.imati.cnr.it/resource/ThIST/bromo;http://www.eionet.europa.eu/gemet/concept/1007;E
http://linkeddata.ge.imati.cnr.it/resource/ThIST/cloro;http://www.eionet.europa.eu/gemet/concept/1373;E
http://linkeddata.ge.imati.cnr.it/resource/ThIST/fluoro;http://www.eionet.europa.eu/gemet/concept/3334;E
http://linkeddata.ge.imati.cnr.it/resource/ThIST/iodio;http://www.eionet.europa.eu/gemet/concept/4483;E
http://linkeddata.ge.imati.cnr.it/resource/ThIST/trizio;http://www.eionet.europa.eu/gemet/concept/8680;E
http://linkeddata.ge.imati.cnr.it/resource/ThIST/vetro;http://www.eionet.europa.eu/gemet/concept/3678;E
http://linkeddata.ge.imati.cnr.it/resource/ThIST/oceanoindiano;http://www.eionet.europa.eu/gemet/concept/4195;E
http://linkeddata.ge.imati.cnr.it/resource/ThIST/sistemainformativogeografico;http://www.eionet.europa.eu/gemet/concept/3645;E
http://linkeddata.ge.imati.cnr.it/resource/ThIST/articulata;http://www.eionet.europa.eu/gemet/concept/572;E
http://linkeddata.ge.imati.cnr.it/resource/ThIST/lago;http://www.eionet.europa.eu/gemet/concept/4594;E
http://linkeddata.ge.imati.cnr.it/resource/ThIST/discaricacontrollata;http://www.eionet.europa.eu/gemet/concept/7438;E
http://linkeddata.ge.imati.cnr.it/resource/ThIST/norma;http://www.eionet.europa.eu/gemet/concept/5690;E
http://linkeddata.ge.imati.cnr.it/resource/ThIST/frana;http://www.eionet.europa.eu/gemet/concept/4668;E
http://linkeddata.ge.imati.cnr.it/resource/ThIST/valanga;http://www.eionet.europa.eu/gemet/concept/678;E
http://linkeddata.ge.imati.cnr.it/resource/ThIST/materialediriempimento;http://www.eionet.europa.eu/gemet/concept/3181;E
http://linkeddata.ge.imati.cnr.it/resource/ThIST/marnero;http://www.eionet.europa.eu/gemet/concept/14842;E
http://linkeddata.ge.imati.cnr.it/resource/ThIST/alluminio;http://www.eionet.europa.eu/gemet/concept/353;E
http://linkeddata.ge.imati.cnr.it/resource/ThIST/argento;http://www.eionet.europa.eu/gemet/concept/7699;E
http://linkeddata.ge.imati.cnr.it/resource/ThIST/arsenico;http://www.eionet.europa.eu/gemet/concept/567;E
http://linkeddata.ge.imati.cnr.it/resource/ThIST/attinidi;http://www.eionet.europa.eu/gemet/concept/66;E
http://linkeddata.ge.imati.cnr.it/resource/ThIST/cadmio;http://www.eionet.europa.eu/gemet/concept/1100;E
http://linkeddata.ge.imati.cnr.it/resource/ThIST/cobalto;http://www.eionet.europa.eu/gemet/concept/1532;E
http://linkeddata.ge.imati.cnr.it/resource/ThIST/cromo;http://www.eionet.europa.eu/gemet/concept/1401;E
http://linkeddata.ge.imati.cnr.it/resource/ThIST/ferro;http://www.eionet.europa.eu/gemet/concept/4498;E
http://linkeddata.ge.imati.cnr.it/resource/ThIST/mercurio;http://www.eionet.europa.eu/gemet/concept/5154;E
http://linkeddata.ge.imati.cnr.it/resource/ThIST/nichel;http://www.eionet.europa.eu/gemet/concept/5589;E
http://linkeddata.ge.imati.cnr.it/resource/ThIST/piombo;http://www.eionet.europa.eu/gemet/concept/4723;E
http://linkeddata.ge.imati.cnr.it/resource/ThIST/rame;http://www.eionet.europa.eu/gemet/concept/1792;E
http://linkeddata.ge.imati.cnr.it/resource/ThIST/tallio;http://www.eionet.europa.eu/gemet/concept/8428;E
http://linkeddata.ge.imati.cnr.it/resource/ThIST/titanio;http://www.eionet.europa.eu/gemet/concept/8495;E
http://linkeddata.ge.imati.cnr.it/resource/ThIST/vanadio;http://www.eionet.europa.eu/gemet/concept/8893;E
http://linkeddata.ge.imati.cnr.it/resource/ThIST/zinco;http://www.eionet.europa.eu/gemet/concept/9412;E
http://linkeddata.ge.imati.cnr.it/resource/ThIST/attinio;http://www.eionet.europa.eu/gemet/concept/68;E
http://linkeddata.ge.imati.cnr.it/resource/ThIST/plutonio;http://www.eionet.europa.eu/gemet/concept/6346;E
http://linkeddata.ge.imati.cnr.it/resource/ThIST/uranio;http://www.eionet.europa.eu/gemet/concept/8791;E
http://linkeddata.ge.imati.cnr.it/resource/ThIST/bario;http://www.eionet.europa.eu/gemet/concept/719;E
http://linkeddata.ge.imati.cnr.it/resource/ThIST/berillio;http://www.eionet.europa.eu/gemet/concept/781;E
http://linkeddata.ge.imati.cnr.it/resource/ThIST/calcio;http://www.eionet.europa.eu/gemet/concept/1111;E
http://linkeddata.ge.imati.cnr.it/resource/ThIST/radio;http://www.eionet.europa.eu/gemet/concept/6901;E
http://linkeddata.ge.imati.cnr.it/resource/ThIST/stronzio;http://www.eionet.europa.eu/gemet/concept/8144;E
http://linkeddata.ge.imati.cnr.it/resource/ThIST/cesio;http://www.eionet.europa.eu/gemet/concept/1103;E
http://linkeddata.ge.imati.cnr.it/resource/ThIST/platino;http://www.eionet.europa.eu/gemet/concept/6338;E
http://linkeddata.ge.imati.cnr.it/resource/ThIST/marmo;http://www.eionet.europa.eu/gemet/concept/5018;E
http://linkeddata.ge.imati.cnr.it/resource/ThIST/chrysophyta;http://www.eionet.europa.eu/gemet/concept/1406;E
http://linkeddata.ge.imati.cnr.it/resource/ThIST/diatomeae;http://www.eionet.europa.eu/gemet/concept/2168;E
http://linkeddata.ge.imati.cnr.it/resource/ThIST/amalgama;http://www.eionet.europa.eu/gemet/concept/363;E
http://linkeddata.ge.imati.cnr.it/resource/ThIST/amalgama;http://www.eionet.europa.eu/gemet/concept/363;E
http://linkeddata.ge.imati.cnr.it/resource/ThIST/radon;http://www.eionet.europa.eu/gemet/concept/6935;E
http://linkeddata.ge.imati.cnr.it/resource/ThIST/bitume;http://www.eionet.europa.eu/gemet/concept/921;E
http://linkeddata.ge.imati.cnr.it/resource/ThIST/carbonioorganico;http://www.eionet.europa.eu/gemet/concept/5892;E
http://linkeddata.ge.imati.cnr.it/resource/ThIST/humus;http://www.eionet.europa.eu/gemet/concept/4070;E
http://linkeddata.ge.imati.cnr.it/resource/ThIST/metano;http://www.eionet.europa.eu/gemet/concept/5199;E
http://linkeddata.ge.imati.cnr.it/resource/ThIST/cellulosa;http://www.eionet.europa.eu/gemet/concept/1244;E
http://linkeddata.ge.imati.cnr.it/resource/ThIST/idrocarburiaromatici;http://www.eionet.europa.eu/gemet/concept/562;E
http://linkeddata.ge.imati.cnr.it/resource/ThIST/benzene;http://www.eionet.europa.eu/gemet/concept/776;E
http://linkeddata.ge.imati.cnr.it/resource/ThIST/idrocarburiaromaticipoliciclici;http://www.eionet.europa.eu/gemet/concept/6492;E
http://linkeddata.ge.imati.cnr.it/resource/ThIST/resina;http://www.eionet.europa.eu/gemet/concept/7161;E
http://linkeddata.ge.imati.cnr.it/resource/ThIST/idrocarburi;http://www.eionet.europa.eu/gemet/concept/4091;E
http://linkeddata.ge.imati.cnr.it/resource/ThIST/clorofilla;http://www.eionet.europa.eu/gemet/concept/1391;E
http://linkeddata.ge.imati.cnr.it/resource/ThIST/enzima;http://www.eionet.europa.eu/gemet/concept/2945;E
http://linkeddata.ge.imati.cnr.it/resource/ThIST/purina;http://www.eionet.europa.eu/gemet/concept/6846;E
http://linkeddata.ge.imati.cnr.it/resource/ThIST/compostoorganicovolatile;http://www.eionet.europa.eu/gemet/concept/8993;E
http://linkeddata.ge.imati.cnr.it/resource/ThIST/minerale;http://www.eionet.europa.eu/gemet/concept/5277;E
http://linkeddata.ge.imati.cnr.it/resource/ThIST/sabbiabituminosa;http://www.eionet.europa.eu/gemet/concept/8304;E
http://linkeddata.ge.imati.cnr.it/resource/ThIST/lignite;http://www.eionet.europa.eu/gemet/concept/4818;E
http://linkeddata.ge.imati.cnr.it/resource/ThIST/carbone;http://www.eionet.europa.eu/gemet/concept/1500;E
http://linkeddata.ge.imati.cnr.it/resource/ThIST/torba;http://www.eionet.europa.eu/gemet/concept/6081;E
http://linkeddata.ge.imati.cnr.it/resource/ThIST/gasnaturale;http://www.eionet.europa.eu/gemet/concept/5503;E
http://linkeddata.ge.imati.cnr.it/resource/ThIST/fitoplancton;http://www.eionet.europa.eu/gemet/concept/6247;E
http://linkeddata.ge.imati.cnr.it/resource/ThIST/cavasotterranea;http://www.eionet.europa.eu/gemet/concept/12656;E
http://linkeddata.ge.imati.cnr.it/resource/ThIST/barrieracorallina;http://www.eionet.europa.eu/gemet/concept/1796;C
http://linkeddata.ge.imati.cnr.it/resource/ThIST/calcare;http://www.eionet.europa.eu/gemet/concept/4823;E
http://linkeddata.ge.imati.cnr.it/resource/ThIST/calcarefine;http://www.eionet.europa.eu/gemet/concept/11207;E
http://linkeddata.ge.imati.cnr.it/resource/ThIST/potassa;http://www.eionet.europa.eu/gemet/concept/6540;E
http://linkeddata.ge.imati.cnr.it/resource/ThIST/salgemma;http://www.eionet.europa.eu/gemet/concept/7401;E
http://linkeddata.ge.imati.cnr.it/resource/ThIST/stratificazione;http://www.eionet.europa.eu/gemet/concept/8125;E
http://linkeddata.ge.imati.cnr.it/resource/ThIST/sedimentomarino;http://www.eionet.europa.eu/gemet/concept/5049;E
http://linkeddata.ge.imati.cnr.it/resource/ThIST/fango;http://www.eionet.europa.eu/gemet/concept/7733;C
http://linkeddata.ge.imati.cnr.it/resource/ThIST/ghiaia;http://www.eionet.europa.eu/gemet/concept/3738;E
http://linkeddata.ge.imati.cnr.it/resource/ThIST/polvere;http://www.eionet.europa.eu/gemet/concept/2381;E
http://linkeddata.ge.imati.cnr.it/resource/ThIST/silt;http://www.eionet.europa.eu/gemet/concept/7698;E
http://linkeddata.ge.imati.cnr.it/resource/ThIST/sabbia;http://www.eionet.europa.eu/gemet/concept/7413;E
http://linkeddata.ge.imati.cnr.it/resource/ThIST/insenatura;http://www.eionet.europa.eu/gemet/concept/10152;C
http://linkeddata.ge.imati.cnr.it/resource/ThIST/baia;http://www.eionet.europa.eu/gemet/concept/749;E
http://linkeddata.ge.imati.cnr.it/resource/ThIST/laguna;http://www.eionet.europa.eu/gemet/concept/4589;E
http://linkeddata.ge.imati.cnr.it/resource/ThIST/spiaggia;http://www.eionet.europa.eu/gemet/concept/751;E
http://linkeddata.ge.imati.cnr.it/resource/ThIST/estuario;http://www.eionet.europa.eu/gemet/concept/2974;E
http://linkeddata.ge.imati.cnr.it/resource/ThIST/paludesalmastra;http://www.eionet.europa.eu/gemet/concept/7396;E
http://linkeddata.ge.imati.cnr.it/resource/ThIST/paludeamangrovie;http://www.eionet.europa.eu/gemet/concept/4999;E
http://linkeddata.ge.imati.cnr.it/resource/ThIST/amianto;http://www.eionet.europa.eu/gemet/concept/591;E
http://linkeddata.ge.imati.cnr.it/resource/ThIST/carsismo;http://www.eionet.europa.eu/gemet/concept/4545;E
http://linkeddata.ge.imati.cnr.it/resource/ThIST/formazione;http://www.eionet.europa.eu/gemet/concept/8607;NA
http://linkeddata.ge.imati.cnr.it/resource/ThIST/gesso;http://www.eionet.europa.eu/gemet/concept/3806;E
http://linkeddata.ge.imati.cnr.it/resource/ThIST/trasportofluviale;http://www.eionet.europa.eu/gemet/concept/3341;E
http://linkeddata.ge.imati.cnr.it/resource/ThIST/prezzo;http://www.eionet.europa.eu/gemet/concept/6602;E
http://linkeddata.ge.imati.cnr.it/resource/ThIST/climax;http://www.eionet.europa.eu/gemet/concept/1480;E
http://linkeddata.ge.imati.cnr.it/resource/ThIST/kaspijskojemore;http://www.eionet.europa.eu/gemet/concept/14843;E
http://linkeddata.ge.imati.cnr.it/resource/ThIST/pila;http://www.eionet.europa.eu/gemet/concept/1242;C
http://linkeddata.ge.imati.cnr.it/resource/ThIST/vulcano;http://www.eionet.europa.eu/gemet/concept/9004;E
http://linkeddata.ge.imati.cnr.it/resource/ThIST/acquasotterranea;http://www.eionet.europa.eu/gemet/concept/3780;E
http://linkeddata.ge.imati.cnr.it/resource/ThIST/alterazionefisica;http://www.eionet.europa.eu/gemet/concept/14853;C
http://linkeddata.ge.imati.cnr.it/resource/ThIST/anatidi;http://www.eionet.europa.eu/gemet/concept/404;NA
http://linkeddata.ge.imati.cnr.it/resource/ThIST/carso;http://www.eionet.europa.eu/gemet/concept/4545;B
http://linkeddata.ge.imati.cnr.it/resource/ThIST/acido;http://www.eionet.europa.eu/gemet/concept/52;C
http://linkeddata.ge.imati.cnr.it/resource/ThIST/aeroporto;http://www.eionet.europa.eu/gemet/concept/267;C
http://linkeddata.ge.imati.cnr.it/resource/ThIST/alluvione;http://www.eionet.europa.eu/gemet/concept/341;C
http://linkeddata.ge.imati.cnr.it/resource/ThIST/associazione;http://www.eionet.europa.eu/gemet/concept/607;C
http://linkeddata.ge.imati.cnr.it/resource/ThIST/assorbimento;http://www.eionet.europa.eu/gemet/concept/7930;C
http://linkeddata.ge.imati.cnr.it/resource/ThIST/bacinolacustre;http://www.eionet.europa.eu/gemet/concept/4590;C
http://linkeddata.ge.imati.cnr.it/resource/ThIST/bilancioidrologico;http://www.eionet.europa.eu/gemet/concept/4115;C
http://linkeddata.ge.imati.cnr.it/resource/ThIST/bonifica;http://www.eionet.europa.eu/gemet/concept/1456;C
http://linkeddata.ge.imati.cnr.it/resource/ThIST/canale;http://www.eionet.europa.eu/gemet/concept/1126;C
http://linkeddata.ge.imati.cnr.it/resource/ThIST/complessazione;http://www.eionet.europa.eu/gemet/concept/1645;C
http://linkeddata.ge.imati.cnr.it/resource/ThIST/corrente;http://www.eionet.europa.eu/gemet/concept/3311;C
http://linkeddata.ge.imati.cnr.it/resource/ThIST/depositosotterraneo;http://www.eionet.europa.eu/gemet/concept/8758;C
http://linkeddata.ge.imati.cnr.it/resource/ThIST/discarica;http://www.eionet.europa.eu/gemet/concept/4621;C
http://linkeddata.ge.imati.cnr.it/resource/ThIST/disidratazione;http://www.eionet.europa.eu/gemet/concept/2363;C
http://linkeddata.ge.imati.cnr.it/resource/ThIST/esposizione;http://www.eionet.europa.eu/gemet/concept/3067;C
http://linkeddata.ge.imati.cnr.it/resource/ThIST/etaassoluta;http://www.eionet.europa.eu/gemet/concept/1992;C
http://linkeddata.ge.imati.cnr.it/resource/ThIST/formazioneprofessionale;http://www.eionet.europa.eu/gemet/concept/8992;C
http://linkeddata.ge.imati.cnr.it/resource/ThIST/fossato;http://www.eionet.europa.eu/gemet/concept/2276;C
http://linkeddata.ge.imati.cnr.it/resource/ThIST/geologiaglaciale;http://www.eionet.europa.eu/gemet/concept/3676;C
http://linkeddata.ge.imati.cnr.it/resource/ThIST/imbibizione;http://www.eionet.europa.eu/gemet/concept/7774;C
http://linkeddata.ge.imati.cnr.it/resource/ThIST/indagine;http://www.eionet.europa.eu/gemet/concept/2127;C
http://linkeddata.ge.imati.cnr.it/resource/ThIST/magra;http://www.eionet.europa.eu/gemet/concept/4922;C
http://linkeddata.ge.imati.cnr.it/resource/ThIST/mineralemetallico;http://www.eionet.europa.eu/gemet/concept/5171;C
http://linkeddata.ge.imati.cnr.it/resource/ThIST/mineralemetallifero;http://www.eionet.europa.eu/gemet/concept/5887;C
http://linkeddata.ge.imati.cnr.it/resource/ThIST/percorso;http://www.eionet.europa.eu/gemet/concept/7319;C
http://linkeddata.ge.imati.cnr.it/resource/ThIST/piscicoltura;http://www.eionet.europa.eu/gemet/concept/3254;C
http://linkeddata.ge.imati.cnr.it/resource/ThIST/rivestimento;http://www.eionet.europa.eu/gemet/concept/1530;C
http://linkeddata.ge.imati.cnr.it/resource/ThIST/scarpata;http://www.eionet.europa.eu/gemet/concept/7731;C
http://linkeddata.ge.imati.cnr.it/resource/ThIST/scoria;http://www.eionet.europa.eu/gemet/concept/7720;C
http://linkeddata.ge.imati.cnr.it/resource/ThIST/scoriadifusione;http://www.eionet.europa.eu/gemet/concept/7720;C
http://linkeddata.ge.imati.cnr.it/resource/ThIST/stazione;http://www.eionet.europa.eu/gemet/concept/8073;C
http://linkeddata.ge.imati.cnr.it/resource/ThIST/temporale;http://www.eionet.europa.eu/gemet/concept/12084;C
http://linkeddata.ge.imati.cnr.it/resource/ThIST/zonatorrida;http://www.eionet.europa.eu/gemet/concept/8693;C
http://linkeddata.ge.imati.cnr.it/resource/ThIST/acquadolce;http://www.eionet.europa.eu/gemet/concept/3485;C?
http://linkeddata.ge.imati.cnr.it/resource/ThIST/ammoniaca;http://www.eionet.europa.eu/gemet/concept/375;C?
http://linkeddata.ge.imati.cnr.it/resource/ThIST/acciaio;http://www.eionet.europa.eu/gemet/concept/8088;E
http://linkeddata.ge.imati.cnr.it/resource/ThIST/acciaio;http://www.eionet.europa.eu/gemet/concept/8088;E
http://linkeddata.ge.imati.cnr.it/resource/ThIST/acclivitadiversante;http://www.eionet.europa.eu/gemet/concept/4186;E
http://linkeddata.ge.imati.cnr.it/resource/ThIST/acidificazione;http://www.eionet.europa.eu/gemet/concept/44;E
http://linkeddata.ge.imati.cnr.it/resource/ThIST/acidita;http://www.eionet.europa.eu/gemet/concept/47;E
http://linkeddata.ge.imati.cnr.it/resource/ThIST/acquadimare;http://www.eionet.europa.eu/gemet/concept/7535;E
http://linkeddata.ge.imati.cnr.it/resource/ThIST/acquaminerale;http://www.eionet.europa.eu/gemet/concept/5279;E
http://linkeddata.ge.imati.cnr.it/resource/ThIST/acquapiovana;http://www.eionet.europa.eu/gemet/concept/6951;E
http://linkeddata.ge.imati.cnr.it/resource/ThIST/acquapotabile;http://www.eionet.europa.eu/gemet/concept/2339;E
http://linkeddata.ge.imati.cnr.it/resource/ThIST/acquasalata;http://www.eionet.europa.eu/gemet/concept/7402;E
http://linkeddata.ge.imati.cnr.it/resource/ThIST/acquasalmastra;http://www.eionet.europa.eu/gemet/concept/984;E
http://linkeddata.ge.imati.cnr.it/resource/ThIST/acquasuperficiale;http://www.eionet.europa.eu/gemet/concept/8229;E
http://linkeddata.ge.imati.cnr.it/resource/ThIST/acquatermale;http://www.eionet.europa.eu/gemet/concept/8448;E
http://linkeddata.ge.imati.cnr.it/resource/ThIST/acquedotto;http://www.eionet.europa.eu/gemet/concept/517;E
http://linkeddata.ge.imati.cnr.it/resource/ThIST/acquifero;http://www.eionet.europa.eu/gemet/concept/518;E
http://linkeddata.ge.imati.cnr.it/resource/ThIST/acquisto;http://www.eionet.europa.eu/gemet/concept/6835;E
http://linkeddata.ge.imati.cnr.it/resource/ThIST/adsorbimento;http://www.eionet.europa.eu/gemet/concept/120;E
http://linkeddata.ge.imati.cnr.it/resource/ThIST/aerazione;http://www.eionet.europa.eu/gemet/concept/132;E
http://linkeddata.ge.imati.cnr.it/resource/ThIST/aerosol;http://www.eionet.europa.eu/gemet/concept/157;E
http://linkeddata.ge.imati.cnr.it/resource/ThIST/africa;http://www.eionet.europa.eu/gemet/concept/170;E
http://linkeddata.ge.imati.cnr.it/resource/ThIST/agricoltura;http://www.eionet.europa.eu/gemet/concept/232;E
http://linkeddata.ge.imati.cnr.it/resource/ThIST/agronomia;http://www.eionet.europa.eu/gemet/concept/11152;E
http://linkeddata.ge.imati.cnr.it/resource/ThIST/albero;http://www.eionet.europa.eu/gemet/concept/8664;E
http://linkeddata.ge.imati.cnr.it/resource/ThIST/allumina;http://www.eionet.europa.eu/gemet/concept/352;E
http://linkeddata.ge.imati.cnr.it/resource/ThIST/altitudine;http://www.eionet.europa.eu/gemet/concept/10140;E
http://linkeddata.ge.imati.cnr.it/resource/ThIST/ambiente;http://www.eionet.europa.eu/gemet/concept/2944;E
http://linkeddata.ge.imati.cnr.it/resource/ThIST/ammonio;http://www.eionet.europa.eu/gemet/concept/379;E
http://linkeddata.ge.imati.cnr.it/resource/ThIST/analisi;http://www.eionet.europa.eu/gemet/concept/397;E
http://linkeddata.ge.imati.cnr.it/resource/ThIST/analisideidati;http://www.eionet.europa.eu/gemet/concept/1975;E
http://linkeddata.ge.imati.cnr.it/resource/ThIST/analisimicrobiologica;http://www.eionet.europa.eu/gemet/concept/5216;E
http://linkeddata.ge.imati.cnr.it/resource/ThIST/anatomia;http://www.eionet.europa.eu/gemet/concept/406;E
http://linkeddata.ge.imati.cnr.it/resource/ThIST/animali;http://www.eionet.europa.eu/gemet/concept/450;E
http://linkeddata.ge.imati.cnr.it/resource/ThIST/anione;http://www.eionet.europa.eu/gemet/concept/454;E
http://linkeddata.ge.imati.cnr.it/resource/ThIST/antartide;http://www.eionet.europa.eu/gemet/concept/461;E
http://linkeddata.ge.imati.cnr.it/resource/ThIST/api;http://www.eionet.europa.eu/gemet/concept/762;E
http://linkeddata.ge.imati.cnr.it/resource/ThIST/approvvigionamentoidrico;http://www.eionet.europa.eu/gemet/concept/9244;E
http://linkeddata.ge.imati.cnr.it/resource/ThIST/archeologia;http://www.eionet.europa.eu/gemet/concept/530;E
http://linkeddata.ge.imati.cnr.it/resource/ThIST/architettura;http://www.eionet.europa.eu/gemet/concept/538;E
http://linkeddata.ge.imati.cnr.it/resource/ThIST/arcipelago;http://www.eionet.europa.eu/gemet/concept/531;E
http://linkeddata.ge.imati.cnr.it/resource/ThIST/areamediterranea;http://www.eionet.europa.eu/gemet/concept/5145;E
http://linkeddata.ge.imati.cnr.it/resource/ThIST/areaprotetta;http://www.eionet.europa.eu/gemet/concept/6740;E
http://linkeddata.ge.imati.cnr.it/resource/ThIST/areaurbana;http://www.eionet.europa.eu/gemet/concept/8797;E
http://linkeddata.ge.imati.cnr.it/resource/ThIST/argillasbiancante;http://www.eionet.europa.eu/gemet/concept/933;E
http://linkeddata.ge.imati.cnr.it/resource/ThIST/argine;http://www.eionet.europa.eu/gemet/concept/13552;E
http://linkeddata.ge.imati.cnr.it/resource/ThIST/aria;http://www.eionet.europa.eu/gemet/concept/245;E
http://linkeddata.ge.imati.cnr.it/resource/ThIST/arricchimento;http://www.eionet.europa.eu/gemet/concept/2759;E
http://linkeddata.ge.imati.cnr.it/resource/ThIST/asia;http://www.eionet.europa.eu/gemet/concept/598;E
http://linkeddata.ge.imati.cnr.it/resource/ThIST/astronomia;http://www.eionet.europa.eu/gemet/concept/612;E
http://linkeddata.ge.imati.cnr.it/resource/ThIST/atlante;http://www.eionet.europa.eu/gemet/concept/616;E
http://linkeddata.ge.imati.cnr.it/resource/ThIST/atmosfera;http://www.eionet.europa.eu/gemet/concept/617;E
http://linkeddata.ge.imati.cnr.it/resource/ThIST/atrazina;http://www.eionet.europa.eu/gemet/concept/11713;E
http://linkeddata.ge.imati.cnr.it/resource/ThIST/attaccochimico;http://www.eionet.europa.eu/gemet/concept/2977;E
http://linkeddata.ge.imati.cnr.it/resource/ThIST/atti;http://www.eionet.europa.eu/gemet/concept/79;E
http://linkeddata.ge.imati.cnr.it/resource/ThIST/azoto;http://www.eionet.europa.eu/gemet/concept/5605;E
http://linkeddata.ge.imati.cnr.it/resource/ThIST/azotoorganico;http://www.eionet.europa.eu/gemet/concept/11714;E
http://linkeddata.ge.imati.cnr.it/resource/ThIST/benthos;http://www.eionet.europa.eu/gemet/concept/775;E
http://linkeddata.ge.imati.cnr.it/resource/ThIST/bibliografia;http://www.eionet.europa.eu/gemet/concept/786;E
http://linkeddata.ge.imati.cnr.it/resource/ThIST/biblioteca;http://www.eionet.europa.eu/gemet/concept/4793;E
http://linkeddata.ge.imati.cnr.it/resource/ThIST/bilancioenergetico;http://www.eionet.europa.eu/gemet/concept/2713;E
http://linkeddata.ge.imati.cnr.it/resource/ThIST/biocenosi;http://www.eionet.europa.eu/gemet/concept/819;E
http://linkeddata.ge.imati.cnr.it/resource/ThIST/biochimica;http://www.eionet.europa.eu/gemet/concept/815;E
http://linkeddata.ge.imati.cnr.it/resource/ThIST/biodegradazione;http://www.eionet.europa.eu/gemet/concept/826;E
http://linkeddata.ge.imati.cnr.it/resource/ThIST/biodegradazione;http://www.eionet.europa.eu/gemet/concept/826;E
http://linkeddata.ge.imati.cnr.it/resource/ThIST/biogeografia;http://www.eionet.europa.eu/gemet/concept/836;E
http://linkeddata.ge.imati.cnr.it/resource/ThIST/biologia;http://www.eionet.europa.eu/gemet/concept/881;E
http://linkeddata.ge.imati.cnr.it/resource/ThIST/biologiamarina;http://www.eionet.europa.eu/gemet/concept/5027;E
http://linkeddata.ge.imati.cnr.it/resource/ThIST/biomassa;http://www.eionet.europa.eu/gemet/concept/883;E
http://linkeddata.ge.imati.cnr.it/resource/ThIST/biosfera;http://www.eionet.europa.eu/gemet/concept/892;E
http://linkeddata.ge.imati.cnr.it/resource/ThIST/biosintesi;http://www.eionet.europa.eu/gemet/concept/895;E
http://linkeddata.ge.imati.cnr.it/resource/ThIST/biotopo;http://www.eionet.europa.eu/gemet/concept/901;E
http://linkeddata.ge.imati.cnr.it/resource/ThIST/boro;http://www.eionet.europa.eu/gemet/concept/965;E
http://linkeddata.ge.imati.cnr.it/resource/ThIST/botanica;http://www.eionet.europa.eu/gemet/concept/971;E
http://linkeddata.ge.imati.cnr.it/resource/ThIST/bradisismo;http://www.eionet.europa.eu/gemet/concept/986;E
http://linkeddata.ge.imati.cnr.it/resource/ThIST/briofite;http://www.eionet.europa.eu/gemet/concept/1023;E
http://linkeddata.ge.imati.cnr.it/resource/ThIST/calce;http://www.eionet.europa.eu/gemet/concept/4820;E
http://linkeddata.ge.imati.cnr.it/resource/ThIST/calibrazione;http://www.eionet.europa.eu/gemet/concept/1114;E
http://linkeddata.ge.imati.cnr.it/resource/ThIST/camino;http://www.eionet.europa.eu/gemet/concept/1355;E
http://linkeddata.ge.imati.cnr.it/resource/ThIST/campionatura;http://www.eionet.europa.eu/gemet/concept/7407;E
http://linkeddata.ge.imati.cnr.it/resource/ThIST/campo;http://www.eionet.europa.eu/gemet/concept/3176;E
http://linkeddata.ge.imati.cnr.it/resource/ThIST/canalizzazione;http://www.eionet.europa.eu/gemet/concept/1288;E
http://linkeddata.ge.imati.cnr.it/resource/ThIST/canalizzazione;http://www.eionet.europa.eu/gemet/concept/1288;E
http://linkeddata.ge.imati.cnr.it/resource/ThIST/canyon;http://www.eionet.europa.eu/gemet/concept/10143;E
http://linkeddata.ge.imati.cnr.it/resource/ThIST/carbonato;http://www.eionet.europa.eu/gemet/concept/1162;E
http://linkeddata.ge.imati.cnr.it/resource/ThIST/carbonedilegna;http://www.eionet.europa.eu/gemet/concept/1290;E
http://linkeddata.ge.imati.cnr.it/resource/ThIST/carbonio;http://www.eionet.europa.eu/gemet/concept/1160;E
http://linkeddata.ge.imati.cnr.it/resource/ThIST/carburante;http://www.eionet.europa.eu/gemet/concept/5388;E
http://linkeddata.ge.imati.cnr.it/resource/ThIST/cartanautica;http://www.eionet.europa.eu/gemet/concept/14663;E
http://linkeddata.ge.imati.cnr.it/resource/ThIST/cartografia;http://www.eionet.europa.eu/gemet/concept/1200;E
http://linkeddata.ge.imati.cnr.it/resource/ThIST/catalisi;http://www.eionet.europa.eu/gemet/concept/1209;E
http://linkeddata.ge.imati.cnr.it/resource/ThIST/catastrofe;http://www.eionet.europa.eu/gemet/concept/1213;E
http://linkeddata.ge.imati.cnr.it/resource/ThIST/catenaalimentare;http://www.eionet.europa.eu/gemet/concept/3358;E
http://linkeddata.ge.imati.cnr.it/resource/ThIST/catenamontuosa;http://www.eionet.europa.eu/gemet/concept/5409;E
http://linkeddata.ge.imati.cnr.it/resource/ThIST/catione;http://www.eionet.europa.eu/gemet/concept/1224;E
http://linkeddata.ge.imati.cnr.it/resource/ThIST/catrame;http://www.eionet.europa.eu/gemet/concept/8296;E
http://linkeddata.ge.imati.cnr.it/resource/ThIST/cava;http://www.eionet.europa.eu/gemet/concept/6867;E
http://linkeddata.ge.imati.cnr.it/resource/ThIST/cavadighiaia;http://www.eionet.europa.eu/gemet/concept/3742;E
http://linkeddata.ge.imati.cnr.it/resource/ThIST/cavadisabbia;http://www.eionet.europa.eu/gemet/concept/7425;E
http://linkeddata.ge.imati.cnr.it/resource/ThIST/caverna;http://www.eionet.europa.eu/gemet/concept/1231;E
http://linkeddata.ge.imati.cnr.it/resource/ThIST/cd-rom;http://www.eionet.europa.eu/gemet/concept/13040;E
http://linkeddata.ge.imati.cnr.it/resource/ThIST/cefalopodi;http://www.eionet.europa.eu/gemet/concept/1265;E
http://linkeddata.ge.imati.cnr.it/resource/ThIST/celenterati;http://www.eionet.europa.eu/gemet/concept/1548;E
http://linkeddata.ge.imati.cnr.it/resource/ThIST/cemento;http://www.eionet.europa.eu/gemet/concept/1247;E
http://linkeddata.ge.imati.cnr.it/resource/ThIST/cenere;http://www.eionet.europa.eu/gemet/concept/596;E
http://linkeddata.ge.imati.cnr.it/resource/ThIST/censimento;http://www.eionet.europa.eu/gemet/concept/11125;E
http://linkeddata.ge.imati.cnr.it/resource/ThIST/centraleelettrica;http://www.eionet.europa.eu/gemet/concept/6561;E
http://linkeddata.ge.imati.cnr.it/resource/ThIST/centralenucleare;http://www.eionet.europa.eu/gemet/concept/5736;E
http://linkeddata.ge.imati.cnr.it/resource/ThIST/centraletermoelettrica;http://www.eionet.europa.eu/gemet/concept/8443;E
http://linkeddata.ge.imati.cnr.it/resource/ThIST/centrifugazione;http://www.eionet.europa.eu/gemet/concept/1262;E
http://linkeddata.ge.imati.cnr.it/resource/ThIST/ceramica;http://www.eionet.europa.eu/gemet/concept/1266;E
http://linkeddata.ge.imati.cnr.it/resource/ThIST/chimica;http://www.eionet.europa.eu/gemet/concept/1348;E
http://linkeddata.ge.imati.cnr.it/resource/ThIST/chimicaorganica;http://www.eionet.europa.eu/gemet/concept/5893;E
http://linkeddata.ge.imati.cnr.it/resource/ThIST/cianuro;http://www.eionet.europa.eu/gemet/concept/1933;E
http://linkeddata.ge.imati.cnr.it/resource/ThIST/ciclobiologico;http://www.eionet.europa.eu/gemet/concept/13118;E
http://linkeddata.ge.imati.cnr.it/resource/ThIST/ciclodelcarbonio;http://www.eionet.europa.eu/gemet/concept/1164;E
http://linkeddata.ge.imati.cnr.it/resource/ThIST/cicloidrologico;http://www.eionet.europa.eu/gemet/concept/4116;E
http://linkeddata.ge.imati.cnr.it/resource/ThIST/ciclone;http://www.eionet.europa.eu/gemet/concept/1941;E
http://linkeddata.ge.imati.cnr.it/resource/ThIST/circolazioneoceanica;http://www.eionet.europa.eu/gemet/concept/5791;E
http://linkeddata.ge.imati.cnr.it/resource/ThIST/classificazione;http://www.eionet.europa.eu/gemet/concept/1447;E
http://linkeddata.ge.imati.cnr.it/resource/ThIST/clima;http://www.eionet.europa.eu/gemet/concept/1462;E
http://linkeddata.ge.imati.cnr.it/resource/ThIST/climatologia;http://www.eionet.europa.eu/gemet/concept/1479;E
http://linkeddata.ge.imati.cnr.it/resource/ThIST/clorofluorocarburi;http://www.eionet.europa.eu/gemet/concept/1381;E
http://linkeddata.ge.imati.cnr.it/resource/ThIST/cloruro;http://www.eionet.europa.eu/gemet/concept/1366;E
http://linkeddata.ge.imati.cnr.it/resource/ThIST/codice;http://www.eionet.europa.eu/gemet/concept/1542;E
http://linkeddata.ge.imati.cnr.it/resource/ThIST/collina;http://www.eionet.europa.eu/gemet/concept/3966;E
http://linkeddata.ge.imati.cnr.it/resource/ThIST/colloide;http://www.eionet.europa.eu/gemet/concept/1567;E
http://linkeddata.ge.imati.cnr.it/resource/ThIST/colonizzazione;http://www.eionet.europa.eu/gemet/concept/1569;E
http://linkeddata.ge.imati.cnr.it/resource/ThIST/colore;http://www.eionet.europa.eu/gemet/concept/1571;E
http://linkeddata.ge.imati.cnr.it/resource/ThIST/coltivazione;http://www.eionet.europa.eu/gemet/concept/1899;E
http://linkeddata.ge.imati.cnr.it/resource/ThIST/coltivazionemineraria;http://www.eionet.europa.eu/gemet/concept/14837;E
http://linkeddata.ge.imati.cnr.it/resource/ThIST/combustibilefossile;http://www.eionet.europa.eu/gemet/concept/3462;E
http://linkeddata.ge.imati.cnr.it/resource/ThIST/commercio;http://www.eionet.europa.eu/gemet/concept/8563;E
http://linkeddata.ge.imati.cnr.it/resource/ThIST/compattazione;http://www.eionet.europa.eu/gemet/concept/1625;E
http://linkeddata.ge.imati.cnr.it/resource/ThIST/compensazione;http://www.eionet.europa.eu/gemet/concept/1633;E
http://linkeddata.ge.imati.cnr.it/resource/ThIST/comportamento;http://www.eionet.europa.eu/gemet/concept/765;E
http://linkeddata.ge.imati.cnr.it/resource/ThIST/composizionechimica;http://www.eionet.europa.eu/gemet/concept/1299;E
http://linkeddata.ge.imati.cnr.it/resource/ThIST/compressione;http://www.eionet.europa.eu/gemet/concept/1659;E
http://linkeddata.ge.imati.cnr.it/resource/ThIST/concentrazione;http://www.eionet.europa.eu/gemet/concept/1673;E
http://linkeddata.ge.imati.cnr.it/resource/ThIST/concessione;http://www.eionet.europa.eu/gemet/concept/11521;E
http://linkeddata.ge.imati.cnr.it/resource/ThIST/condensazione;http://www.eionet.europa.eu/gemet/concept/1681;E
http://linkeddata.ge.imati.cnr.it/resource/ThIST/condotta;http://www.eionet.europa.eu/gemet/concept/6270;E
http://linkeddata.ge.imati.cnr.it/resource/ThIST/conduttivita;http://www.eionet.europa.eu/gemet/concept/1686;E
http://linkeddata.ge.imati.cnr.it/resource/ThIST/congresso;http://www.eionet.europa.eu/gemet/concept/1691;E
http://linkeddata.ge.imati.cnr.it/resource/ThIST/conservazione;http://www.eionet.europa.eu/gemet/concept/1700;E
http://linkeddata.ge.imati.cnr.it/resource/ThIST/conservazionedellenergia;http://www.eionet.europa.eu/gemet/concept/2714;E
http://linkeddata.ge.imati.cnr.it/resource/ThIST/conservazionedelsuolo;http://www.eionet.europa.eu/gemet/concept/7852;E
http://linkeddata.ge.imati.cnr.it/resource/ThIST/consumo;http://www.eionet.europa.eu/gemet/concept/1743;E
http://linkeddata.ge.imati.cnr.it/resource/ThIST/contaminazione;http://www.eionet.europa.eu/gemet/concept/1752;E
http://linkeddata.ge.imati.cnr.it/resource/ThIST/continente;http://www.eionet.europa.eu/gemet/concept/10148;E
http://linkeddata.ge.imati.cnr.it/resource/ThIST/controllodellerosione;http://www.eionet.europa.eu/gemet/concept/2964;E
http://linkeddata.ge.imati.cnr.it/resource/ThIST/conurbazione;http://www.eionet.europa.eu/gemet/concept/1775;E
http://linkeddata.ge.imati.cnr.it/resource/ThIST/cooperazioneinternazionale;http://www.eionet.europa.eu/gemet/concept/4421;E
http://linkeddata.ge.imati.cnr.it/resource/ThIST/coordinazione;http://www.eionet.europa.eu/gemet/concept/1791;E
http://linkeddata.ge.imati.cnr.it/resource/ThIST/copertura;http://www.eionet.europa.eu/gemet/concept/1846;E
http://linkeddata.ge.imati.cnr.it/resource/ThIST/corallo;http://www.eionet.europa.eu/gemet/concept/1794;E
http://linkeddata.ge.imati.cnr.it/resource/ThIST/correzioneatmosferica;http://www.eionet.europa.eu/gemet/concept/14915;E
http://linkeddata.ge.imati.cnr.it/resource/ThIST/corrosione;http://www.eionet.europa.eu/gemet/concept/1808;E
http://linkeddata.ge.imati.cnr.it/resource/ThIST/costa;http://www.eionet.europa.eu/gemet/concept/1512;E
http://linkeddata.ge.imati.cnr.it/resource/ThIST/costo;http://www.eionet.europa.eu/gemet/concept/1824;E
http://linkeddata.ge.imati.cnr.it/resource/ThIST/cristallizzazione;http://www.eionet.europa.eu/gemet/concept/1891;E
http://linkeddata.ge.imati.cnr.it/resource/ThIST/cristallografia;http://www.eionet.europa.eu/gemet/concept/1892;E
http://linkeddata.ge.imati.cnr.it/resource/ThIST/crittogame;http://www.eionet.europa.eu/gemet/concept/1890;E
http://linkeddata.ge.imati.cnr.it/resource/ThIST/crostaterrestre;http://www.eionet.europa.eu/gemet/concept/2400;E
http://linkeddata.ge.imati.cnr.it/resource/ThIST/cultura;http://www.eionet.europa.eu/gemet/concept/1921;E
http://linkeddata.ge.imati.cnr.it/resource/ThIST/curriculum;http://www.eionet.europa.eu/gemet/concept/1926;E
http://linkeddata.ge.imati.cnr.it/resource/ThIST/danno;http://www.eionet.europa.eu/gemet/concept/1956;E
http://linkeddata.ge.imati.cnr.it/resource/ThIST/dannoambientale;http://www.eionet.europa.eu/gemet/concept/2802;E
http://linkeddata.ge.imati.cnr.it/resource/ThIST/deassorbimento;http://www.eionet.europa.eu/gemet/concept/2119;E
http://linkeddata.ge.imati.cnr.it/resource/ThIST/decantazione;http://www.eionet.europa.eu/gemet/concept/15027;E
http://linkeddata.ge.imati.cnr.it/resource/ThIST/decomposizione;http://www.eionet.europa.eu/gemet/concept/2014;E
http://linkeddata.ge.imati.cnr.it/resource/ThIST/decontaminazione;http://www.eionet.europa.eu/gemet/concept/2015;E
http://linkeddata.ge.imati.cnr.it/resource/ThIST/deflussosuperficiale;http://www.eionet.europa.eu/gemet/concept/8225;E
http://linkeddata.ge.imati.cnr.it/resource/ThIST/deforestazione;http://www.eionet.europa.eu/gemet/concept/2036;E
http://linkeddata.ge.imati.cnr.it/resource/ThIST/degradazione;http://www.eionet.europa.eu/gemet/concept/2040;E
http://linkeddata.ge.imati.cnr.it/resource/ThIST/delta;http://www.eionet.europa.eu/gemet/concept/2052;E
http://linkeddata.ge.imati.cnr.it/resource/ThIST/demografia;http://www.eionet.europa.eu/gemet/concept/2060;E
http://linkeddata.ge.imati.cnr.it/resource/ThIST/dendrocronologia;http://www.eionet.europa.eu/gemet/concept/2069;E
http://linkeddata.ge.imati.cnr.it/resource/ThIST/denitrificazione;http://www.eionet.europa.eu/gemet/concept/2071;E
http://linkeddata.ge.imati.cnr.it/resource/ThIST/densita;http://www.eionet.europa.eu/gemet/concept/11116;E
http://linkeddata.ge.imati.cnr.it/resource/ThIST/deposizione;http://www.eionet.europa.eu/gemet/concept/2084;E
http://linkeddata.ge.imati.cnr.it/resource/ThIST/depurazione;http://www.eionet.europa.eu/gemet/concept/6838;E
http://linkeddata.ge.imati.cnr.it/resource/ThIST/depurazionedellacqua;http://www.eionet.europa.eu/gemet/concept/9210;E
http://linkeddata.ge.imati.cnr.it/resource/ThIST/desertificazione;http://www.eionet.europa.eu/gemet/concept/2105;E
http://linkeddata.ge.imati.cnr.it/resource/ThIST/detergente;http://www.eionet.europa.eu/gemet/concept/2131;E
http://linkeddata.ge.imati.cnr.it/resource/ThIST/differenziazione;http://www.eionet.europa.eu/gemet/concept/2182;E
http://linkeddata.ge.imati.cnr.it/resource/ThIST/diffusione;http://www.eionet.europa.eu/gemet/concept/2186;E
http://linkeddata.ge.imati.cnr.it/resource/ThIST/diga;http://www.eionet.europa.eu/gemet/concept/1955;E
http://linkeddata.ge.imati.cnr.it/resource/ThIST/diritto;http://www.eionet.europa.eu/gemet/concept/11499;E
http://linkeddata.ge.imati.cnr.it/resource/ThIST/dirittoambientale;http://www.eionet.europa.eu/gemet/concept/2859;E
http://linkeddata.ge.imati.cnr.it/resource/ThIST/dirittoamministrativo;http://www.eionet.europa.eu/gemet/concept/108;E
http://linkeddata.ge.imati.cnr.it/resource/ThIST/discaricasotterranea;http://www.eionet.europa.eu/gemet/concept/14947;E
http://linkeddata.ge.imati.cnr.it/resource/ThIST/discorso;http://www.eionet.europa.eu/gemet/concept/12985;E
http://linkeddata.ge.imati.cnr.it/resource/ThIST/dispersione;http://www.eionet.europa.eu/gemet/concept/2245;E
http://linkeddata.ge.imati.cnr.it/resource/ThIST/dissoluzione;http://www.eionet.europa.eu/gemet/concept/2257;E
http://linkeddata.ge.imati.cnr.it/resource/ThIST/distillazione;http://www.eionet.europa.eu/gemet/concept/2260;E
http://linkeddata.ge.imati.cnr.it/resource/ThIST/distribuzione;http://www.eionet.europa.eu/gemet/concept/2264;E
http://linkeddata.ge.imati.cnr.it/resource/ThIST/distribuzionedellapopolazione;http://www.eionet.europa.eu/gemet/concept/6517;E
http://linkeddata.ge.imati.cnr.it/resource/ThIST/distribuzionespaziale;http://www.eionet.europa.eu/gemet/concept/11118;E
http://linkeddata.ge.imati.cnr.it/resource/ThIST/dizionario;http://www.eionet.europa.eu/gemet/concept/2173;E
http://linkeddata.ge.imati.cnr.it/resource/ThIST/dna;http://www.eionet.europa.eu/gemet/concept/2279;E
http://linkeddata.ge.imati.cnr.it/resource/ThIST/documentazione;http://www.eionet.europa.eu/gemet/concept/2284;E
http://linkeddata.ge.imati.cnr.it/resource/ThIST/dogana;http://www.eionet.europa.eu/gemet/concept/1929;E
http://linkeddata.ge.imati.cnr.it/resource/ThIST/domanda;http://www.eionet.europa.eu/gemet/concept/2053;E
http://linkeddata.ge.imati.cnr.it/resource/ThIST/dosaggio;http://www.eionet.europa.eu/gemet/concept/2307;E
http://linkeddata.ge.imati.cnr.it/resource/ThIST/dragaggio;http://www.eionet.europa.eu/gemet/concept/2327;E
http://linkeddata.ge.imati.cnr.it/resource/ThIST/drenaggio;http://www.eionet.europa.eu/gemet/concept/2319;E
http://linkeddata.ge.imati.cnr.it/resource/ThIST/duna;http://www.eionet.europa.eu/gemet/concept/2377;E
http://linkeddata.ge.imati.cnr.it/resource/ThIST/duomosalino;http://www.eionet.europa.eu/gemet/concept/7400;E
http://linkeddata.ge.imati.cnr.it/resource/ThIST/durezza;http://www.eionet.europa.eu/gemet/concept/3837;E
http://linkeddata.ge.imati.cnr.it/resource/ThIST/durezzadellacqua;http://www.eionet.europa.eu/gemet/concept/9184;E
http://linkeddata.ge.imati.cnr.it/resource/ThIST/ecologia;http://www.eionet.europa.eu/gemet/concept/2470;E
http://linkeddata.ge.imati.cnr.it/resource/ThIST/ecologia;http://www.eionet.europa.eu/gemet/concept/2470;E
http://linkeddata.ge.imati.cnr.it/resource/ThIST/ecologiaumana;http://www.eionet.europa.eu/gemet/concept/4047;E
http://linkeddata.ge.imati.cnr.it/resource/ThIST/economia;http://www.eionet.europa.eu/gemet/concept/2501;E
http://linkeddata.ge.imati.cnr.it/resource/ThIST/economia;http://www.eionet.europa.eu/gemet/concept/2501;E
http://linkeddata.ge.imati.cnr.it/resource/ThIST/economia;http://www.eionet.europa.eu/gemet/concept/2516;E
http://linkeddata.ge.imati.cnr.it/resource/ThIST/ecosistema;http://www.eionet.europa.eu/gemet/concept/2519;E
http://linkeddata.ge.imati.cnr.it/resource/ThIST/ecosistemaforestale;http://www.eionet.europa.eu/gemet/concept/3416;E
http://linkeddata.ge.imati.cnr.it/resource/ThIST/edificio;http://www.eionet.europa.eu/gemet/concept/1029;E
http://linkeddata.ge.imati.cnr.it/resource/ThIST/effettoclimatico;http://www.eionet.europa.eu/gemet/concept/1464;E
http://linkeddata.ge.imati.cnr.it/resource/ThIST/effettoserra;http://www.eionet.europa.eu/gemet/concept/3761;E
http://linkeddata.ge.imati.cnr.it/resource/ThIST/effluente;http://www.eionet.europa.eu/gemet/concept/2571;E
http://linkeddata.ge.imati.cnr.it/resource/ThIST/elaborazionedati;http://www.eionet.europa.eu/gemet/concept/1986;E
http://linkeddata.ge.imati.cnr.it/resource/ThIST/elasticita;http://www.eionet.europa.eu/gemet/concept/2582;E
http://linkeddata.ge.imati.cnr.it/resource/ThIST/elettricita;http://www.eionet.europa.eu/gemet/concept/2592;E
http://linkeddata.ge.imati.cnr.it/resource/ThIST/elettrolisi;http://www.eionet.europa.eu/gemet/concept/2618;E
http://linkeddata.ge.imati.cnr.it/resource/ThIST/elettronica;http://www.eionet.europa.eu/gemet/concept/2624;E
http://linkeddata.ge.imati.cnr.it/resource/ThIST/emulsione;http://www.eionet.europa.eu/gemet/concept/2691;E
http://linkeddata.ge.imati.cnr.it/resource/ThIST/enciclopedia;http://www.eionet.europa.eu/gemet/concept/2696;E
http://linkeddata.ge.imati.cnr.it/resource/ThIST/energia;http://www.eionet.europa.eu/gemet/concept/2712;E
http://linkeddata.ge.imati.cnr.it/resource/ThIST/energiaelettrica;http://www.eionet.europa.eu/gemet/concept/2601;E
http://linkeddata.ge.imati.cnr.it/resource/ThIST/energiaeolica;http://www.eionet.europa.eu/gemet/concept/9335;E
http://linkeddata.ge.imati.cnr.it/resource/ThIST/energiageotermica;http://www.eionet.europa.eu/gemet/concept/3658;E
http://linkeddata.ge.imati.cnr.it/resource/ThIST/energiaidroelettrica;http://www.eionet.europa.eu/gemet/concept/11967;E
http://linkeddata.ge.imati.cnr.it/resource/ThIST/energianucleare;http://www.eionet.europa.eu/gemet/concept/5712;E
http://linkeddata.ge.imati.cnr.it/resource/ThIST/energiasolare;http://www.eionet.europa.eu/gemet/concept/7906;E
http://linkeddata.ge.imati.cnr.it/resource/ThIST/erbicida;http://www.eionet.europa.eu/gemet/concept/3933;E
http://linkeddata.ge.imati.cnr.it/resource/ThIST/erosione;http://www.eionet.europa.eu/gemet/concept/2963;E
http://linkeddata.ge.imati.cnr.it/resource/ThIST/esondazione;http://www.eionet.europa.eu/gemet/concept/3301;E
http://linkeddata.ge.imati.cnr.it/resource/ThIST/esperimento;http://www.eionet.europa.eu/gemet/concept/3050;E
http://linkeddata.ge.imati.cnr.it/resource/ThIST/esplorazione;http://www.eionet.europa.eu/gemet/concept/3057;E
http://linkeddata.ge.imati.cnr.it/resource/ThIST/esplosione;http://www.eionet.europa.eu/gemet/concept/3058;E
http://linkeddata.ge.imati.cnr.it/resource/ThIST/esplosivo;http://www.eionet.europa.eu/gemet/concept/3061;E
http://linkeddata.ge.imati.cnr.it/resource/ThIST/esportazione;http://www.eionet.europa.eu/gemet/concept/3063;E
http://linkeddata.ge.imati.cnr.it/resource/ThIST/estinzione;http://www.eionet.europa.eu/gemet/concept/3081;E
http://linkeddata.ge.imati.cnr.it/resource/ThIST/eta;http://www.eionet.europa.eu/gemet/concept/173;E
http://linkeddata.ge.imati.cnr.it/resource/ThIST/etnologia;http://www.eionet.europa.eu/gemet/concept/2982;E
http://linkeddata.ge.imati.cnr.it/resource/ThIST/etologia;http://www.eionet.europa.eu/gemet/concept/2984;E
http://linkeddata.ge.imati.cnr.it/resource/ThIST/eutrofizzazione;http://www.eionet.europa.eu/gemet/concept/3007;E
http://linkeddata.ge.imati.cnr.it/resource/ThIST/evaporazione;http://www.eionet.europa.eu/gemet/concept/3019;E
http://linkeddata.ge.imati.cnr.it/resource/ThIST/evapotraspirazione;http://www.eionet.europa.eu/gemet/concept/3022;E
http://linkeddata.ge.imati.cnr.it/resource/ThIST/evoluzione;http://www.eionet.europa.eu/gemet/concept/3026;E
http://linkeddata.ge.imati.cnr.it/resource/ThIST/faglia;http://www.eionet.europa.eu/gemet/concept/10154;E
http://linkeddata.ge.imati.cnr.it/resource/ThIST/falesia;http://www.eionet.europa.eu/gemet/concept/10155;E
http://linkeddata.ge.imati.cnr.it/resource/ThIST/famiglia;http://www.eionet.europa.eu/gemet/concept/3117;E
http://linkeddata.ge.imati.cnr.it/resource/ThIST/fangoresiduo;http://www.eionet.europa.eu/gemet/concept/12441;E
http://linkeddata.ge.imati.cnr.it/resource/ThIST/fauna;http://www.eionet.europa.eu/gemet/concept/3138;E
http://linkeddata.ge.imati.cnr.it/resource/ThIST/ferrovia;http://www.eionet.europa.eu/gemet/concept/6942;E
http://linkeddata.ge.imati.cnr.it/resource/ThIST/fertilizzante;http://www.eionet.europa.eu/gemet/concept/3169;E
http://linkeddata.ge.imati.cnr.it/resource/ThIST/filosofia;http://www.eionet.europa.eu/gemet/concept/6187;E
http://linkeddata.ge.imati.cnr.it/resource/ThIST/filtrazione;http://www.eionet.europa.eu/gemet/concept/3190;E
http://linkeddata.ge.imati.cnr.it/resource/ThIST/filtro;http://www.eionet.europa.eu/gemet/concept/3184;E
http://linkeddata.ge.imati.cnr.it/resource/ThIST/finanziamento;http://www.eionet.europa.eu/gemet/concept/3205;E
http://linkeddata.ge.imati.cnr.it/resource/ThIST/fiore;http://www.eionet.europa.eu/gemet/concept/3312;E
http://linkeddata.ge.imati.cnr.it/resource/ThIST/fisica;http://www.eionet.europa.eu/gemet/concept/6235;E
http://linkeddata.ge.imati.cnr.it/resource/ThIST/fisicanucleare;http://www.eionet.europa.eu/gemet/concept/5733;E
http://linkeddata.ge.imati.cnr.it/resource/ThIST/fisiologia;http://www.eionet.europa.eu/gemet/concept/6240;E
http://linkeddata.ge.imati.cnr.it/resource/ThIST/flocculazione;http://www.eionet.europa.eu/gemet/concept/3295;E
http://linkeddata.ge.imati.cnr.it/resource/ThIST/flottazione;http://www.eionet.europa.eu/gemet/concept/3308;E
http://linkeddata.ge.imati.cnr.it/resource/ThIST/fluidizzazione;http://www.eionet.europa.eu/gemet/concept/3324;E
http://linkeddata.ge.imati.cnr.it/resource/ThIST/foglia;http://www.eionet.europa.eu/gemet/concept/4730;E
http://linkeddata.ge.imati.cnr.it/resource/ThIST/fondomonetariointernazionale;http://www.eionet.europa.eu/gemet/concept/11046;E
http://linkeddata.ge.imati.cnr.it/resource/ThIST/fontedienergia;http://www.eionet.europa.eu/gemet/concept/2741;E
http://linkeddata.ge.imati.cnr.it/resource/ThIST/foresta;http://www.eionet.europa.eu/gemet/concept/3406;E
http://linkeddata.ge.imati.cnr.it/resource/ThIST/fornace;http://www.eionet.europa.eu/gemet/concept/3538;E
http://linkeddata.ge.imati.cnr.it/resource/ThIST/forno;http://www.eionet.europa.eu/gemet/concept/13613;E
http://linkeddata.ge.imati.cnr.it/resource/ThIST/fosfato;http://www.eionet.europa.eu/gemet/concept/6189;E
http://linkeddata.ge.imati.cnr.it/resource/ThIST/fosforo;http://www.eionet.europa.eu/gemet/concept/6196;E
http://linkeddata.ge.imati.cnr.it/resource/ThIST/fossile;http://www.eionet.europa.eu/gemet/concept/3460;E
http://linkeddata.ge.imati.cnr.it/resource/ThIST/fotografia;http://www.eionet.europa.eu/gemet/concept/13123;E
http://linkeddata.ge.imati.cnr.it/resource/ThIST/fotogrammetria;http://www.eionet.europa.eu/gemet/concept/6204;E
http://linkeddata.ge.imati.cnr.it/resource/ThIST/fotosintesi;http://www.eionet.europa.eu/gemet/concept/6211;E
http://linkeddata.ge.imati.cnr.it/resource/ThIST/frantumazione;http://www.eionet.europa.eu/gemet/concept/3774;E
http://linkeddata.ge.imati.cnr.it/resource/ThIST/frutto;http://www.eionet.europa.eu/gemet/concept/3498;E
http://linkeddata.ge.imati.cnr.it/resource/ThIST/funghi;http://www.eionet.europa.eu/gemet/concept/3529;E
http://linkeddata.ge.imati.cnr.it/resource/ThIST/fusione;http://www.eionet.europa.eu/gemet/concept/5148;E
http://linkeddata.ge.imati.cnr.it/resource/ThIST/fusionenucleare;http://www.eionet.europa.eu/gemet/concept/5728;E
http://linkeddata.ge.imati.cnr.it/resource/ThIST/gas;http://www.eionet.europa.eu/gemet/concept/3566;E
http://linkeddata.ge.imati.cnr.it/resource/ThIST/gascromatografia;http://www.eionet.europa.eu/gemet/concept/3567;E
http://linkeddata.ge.imati.cnr.it/resource/ThIST/gasolio;http://www.eionet.europa.eu/gemet/concept/2179;E
http://linkeddata.ge.imati.cnr.it/resource/ThIST/gassificazione;http://www.eionet.europa.eu/gemet/concept/3581;E
http://linkeddata.ge.imati.cnr.it/resource/ThIST/geodesia;http://www.eionet.europa.eu/gemet/concept/3638;E
http://linkeddata.ge.imati.cnr.it/resource/ThIST/geofisica;http://www.eionet.europa.eu/gemet/concept/3655;E
http://linkeddata.ge.imati.cnr.it/resource/ThIST/geografia;http://www.eionet.europa.eu/gemet/concept/3646;E
http://linkeddata.ge.imati.cnr.it/resource/ThIST/geografiaeconomica;http://www.eionet.europa.eu/gemet/concept/13170;E
http://linkeddata.ge.imati.cnr.it/resource/ThIST/geografiafisica;http://www.eionet.europa.eu/gemet/concept/6222;E
http://linkeddata.ge.imati.cnr.it/resource/ThIST/geografiapolitica;http://www.eionet.europa.eu/gemet/concept/6383;E
http://linkeddata.ge.imati.cnr.it/resource/ThIST/geologia;http://www.eionet.europa.eu/gemet/concept/3650;E
http://linkeddata.ge.imati.cnr.it/resource/ThIST/geomorfologia;http://www.eionet.europa.eu/gemet/concept/3654;E
http://linkeddata.ge.imati.cnr.it/resource/ThIST/geotecnica;http://www.eionet.europa.eu/gemet/concept/12665;E
http://linkeddata.ge.imati.cnr.it/resource/ThIST/gestione;http://www.eionet.europa.eu/gemet/concept/4985;E
http://linkeddata.ge.imati.cnr.it/resource/ThIST/gestioneambientale;http://www.eionet.europa.eu/gemet/concept/2877;E
http://linkeddata.ge.imati.cnr.it/resource/ThIST/ghiacciaio;http://www.eionet.europa.eu/gemet/concept/3673;E
http://linkeddata.ge.imati.cnr.it/resource/ThIST/ghiaccio;http://www.eionet.europa.eu/gemet/concept/4131;E
http://linkeddata.ge.imati.cnr.it/resource/ThIST/giacimentominerario;http://www.eionet.europa.eu/gemet/concept/5264;E
http://linkeddata.ge.imati.cnr.it/resource/ThIST/giardinozoologico;http://www.eionet.europa.eu/gemet/concept/9422;E
http://linkeddata.ge.imati.cnr.it/resource/ThIST/glossario;http://www.eionet.europa.eu/gemet/concept/3694;E
http://linkeddata.ge.imati.cnr.it/resource/ThIST/golfo;http://www.eionet.europa.eu/gemet/concept/3800;E
http://linkeddata.ge.imati.cnr.it/resource/ThIST/grandine;http://www.eionet.europa.eu/gemet/concept/3812;E
http://linkeddata.ge.imati.cnr.it/resource/ThIST/granulometria;http://www.eionet.europa.eu/gemet/concept/11809;E
http://linkeddata.ge.imati.cnr.it/resource/ThIST/granulometria;http://www.eionet.europa.eu/gemet/concept/11809;E
http://linkeddata.ge.imati.cnr.it/resource/ThIST/habitat;http://www.eionet.europa.eu/gemet/concept/3808;E
http://linkeddata.ge.imati.cnr.it/resource/ThIST/iceberg;http://www.eionet.europa.eu/gemet/concept/4132;E
http://linkeddata.ge.imati.cnr.it/resource/ThIST/idraulica;http://www.eionet.europa.eu/gemet/concept/4085;E
http://linkeddata.ge.imati.cnr.it/resource/ThIST/idrogeno;http://www.eionet.europa.eu/gemet/concept/4103;E
http://linkeddata.ge.imati.cnr.it/resource/ThIST/idrogeologia;http://www.eionet.europa.eu/gemet/concept/4108;E
http://linkeddata.ge.imati.cnr.it/resource/ThIST/idrolisi;http://www.eionet.europa.eu/gemet/concept/4119;E
http://linkeddata.ge.imati.cnr.it/resource/ThIST/idrologia;http://www.eionet.europa.eu/gemet/concept/4118;E
http://linkeddata.ge.imati.cnr.it/resource/ThIST/idrometria;http://www.eionet.europa.eu/gemet/concept/12128;E
http://linkeddata.ge.imati.cnr.it/resource/ThIST/idrosfera;http://www.eionet.europa.eu/gemet/concept/4124;E
http://linkeddata.ge.imati.cnr.it/resource/ThIST/igiene;http://www.eionet.europa.eu/gemet/concept/4126;E
http://linkeddata.ge.imati.cnr.it/resource/ThIST/immagazzinamento;http://www.eionet.europa.eu/gemet/concept/4548;E
http://linkeddata.ge.imati.cnr.it/resource/ThIST/impattoambientale;http://www.eionet.europa.eu/gemet/concept/2829;E
http://linkeddata.ge.imati.cnr.it/resource/ThIST/impiantopilota;http://www.eionet.europa.eu/gemet/concept/6262;E
http://linkeddata.ge.imati.cnr.it/resource/ThIST/importazione;http://www.eionet.europa.eu/gemet/concept/4167;E
http://linkeddata.ge.imati.cnr.it/resource/ThIST/incidentenucleare;http://www.eionet.europa.eu/gemet/concept/5708;E
http://linkeddata.ge.imati.cnr.it/resource/ThIST/indicatore;http://www.eionet.europa.eu/gemet/concept/4196;E
http://linkeddata.ge.imati.cnr.it/resource/ThIST/indicatoreambientale;http://www.eionet.europa.eu/gemet/concept/2847;E
http://linkeddata.ge.imati.cnr.it/resource/ThIST/indice;http://www.eionet.europa.eu/gemet/concept/11124;E
http://linkeddata.ge.imati.cnr.it/resource/ThIST/industria;http://www.eionet.europa.eu/gemet/concept/4279;E
http://linkeddata.ge.imati.cnr.it/resource/ThIST/industriachimica;http://www.eionet.europa.eu/gemet/concept/1310;E
http://linkeddata.ge.imati.cnr.it/resource/ThIST/industriaestrattiva;http://www.eionet.europa.eu/gemet/concept/3090;E
http://linkeddata.ge.imati.cnr.it/resource/ThIST/industriametallurgica;http://www.eionet.europa.eu/gemet/concept/5175;E
http://linkeddata.ge.imati.cnr.it/resource/ThIST/industriamineraria;http://www.eionet.europa.eu/gemet/concept/5289;E
http://linkeddata.ge.imati.cnr.it/resource/ThIST/infiltrazione;http://www.eionet.europa.eu/gemet/concept/4291;E
http://linkeddata.ge.imati.cnr.it/resource/ThIST/informatica;http://www.eionet.europa.eu/gemet/concept/4302;E
http://linkeddata.ge.imati.cnr.it/resource/ThIST/informatica;http://www.eionet.europa.eu/gemet/concept/4302;E
http://linkeddata.ge.imati.cnr.it/resource/ThIST/ingegneria;http://www.eionet.europa.eu/gemet/concept/12586;E
http://linkeddata.ge.imati.cnr.it/resource/ThIST/ingegneria;http://www.eionet.europa.eu/gemet/concept/12586;E
http://linkeddata.ge.imati.cnr.it/resource/ThIST/ingegneriachimica;http://www.eionet.europa.eu/gemet/concept/1305;E
http://linkeddata.ge.imati.cnr.it/resource/ThIST/ingegneriacivile;http://www.eionet.europa.eu/gemet/concept/1434;E
http://linkeddata.ge.imati.cnr.it/resource/ThIST/ingegneriameccanica;http://www.eionet.europa.eu/gemet/concept/5128;E
http://linkeddata.ge.imati.cnr.it/resource/ThIST/ingegneriamineraria;http://www.eionet.europa.eu/gemet/concept/5287;E
http://linkeddata.ge.imati.cnr.it/resource/ThIST/ingegnerianaturalistica;http://www.eionet.europa.eu/gemet/concept/851;E
http://linkeddata.ge.imati.cnr.it/resource/ThIST/ingegneriasismica;http://www.eionet.europa.eu/gemet/concept/10055;E
http://linkeddata.ge.imati.cnr.it/resource/ThIST/inquinamento;http://www.eionet.europa.eu/gemet/concept/6445;E
http://linkeddata.ge.imati.cnr.it/resource/ThIST/inquinamentoorganico;http://www.eionet.europa.eu/gemet/concept/11644;E
http://linkeddata.ge.imati.cnr.it/resource/ThIST/inquinamentotermico;http://www.eionet.europa.eu/gemet/concept/8442;E
http://linkeddata.ge.imati.cnr.it/resource/ThIST/insediamentirurali;http://www.eionet.europa.eu/gemet/concept/7353;E
http://linkeddata.ge.imati.cnr.it/resource/ThIST/insegnamento;http://www.eionet.europa.eu/gemet/concept/2547;E
http://linkeddata.ge.imati.cnr.it/resource/ThIST/interfacciaaria-mare;http://www.eionet.europa.eu/gemet/concept/11635;E
http://linkeddata.ge.imati.cnr.it/resource/ThIST/internet;http://www.eionet.europa.eu/gemet/concept/14862;E
http://linkeddata.ge.imati.cnr.it/resource/ThIST/inventario;http://www.eionet.europa.eu/gemet/concept/4466;E
http://linkeddata.ge.imati.cnr.it/resource/ThIST/investimento;http://www.eionet.europa.eu/gemet/concept/4478;E
http://linkeddata.ge.imati.cnr.it/resource/ThIST/ione;http://www.eionet.europa.eu/gemet/concept/4493;E
http://linkeddata.ge.imati.cnr.it/resource/ThIST/ionosfera;http://www.eionet.europa.eu/gemet/concept/4492;E
http://linkeddata.ge.imati.cnr.it/resource/ThIST/irradiazione;http://www.eionet.europa.eu/gemet/concept/4504;E
http://linkeddata.ge.imati.cnr.it/resource/ThIST/irrigazione;http://www.eionet.europa.eu/gemet/concept/4505;E
http://linkeddata.ge.imati.cnr.it/resource/ThIST/isola;http://www.eionet.europa.eu/gemet/concept/4514;E
http://linkeddata.ge.imati.cnr.it/resource/ThIST/isotopo;http://www.eionet.europa.eu/gemet/concept/4523;E
http://linkeddata.ge.imati.cnr.it/resource/ThIST/laboratorio;http://www.eionet.europa.eu/gemet/concept/4567;E
http://linkeddata.ge.imati.cnr.it/resource/ThIST/latitudine;http://www.eionet.europa.eu/gemet/concept/14936;E
http://linkeddata.ge.imati.cnr.it/resource/ThIST/lavorazione;http://www.eionet.europa.eu/gemet/concept/6650;E
http://linkeddata.ge.imati.cnr.it/resource/ThIST/lega;http://www.eionet.europa.eu/gemet/concept/340;E
http://linkeddata.ge.imati.cnr.it/resource/ThIST/legislazione;http://www.eionet.europa.eu/gemet/concept/4749;E
http://linkeddata.ge.imati.cnr.it/resource/ThIST/legislazionemineraria;http://www.eionet.europa.eu/gemet/concept/5290;E
http://linkeddata.ge.imati.cnr.it/resource/ThIST/legislazioneregionale;http://www.eionet.europa.eu/gemet/concept/7070;E
http://linkeddata.ge.imati.cnr.it/resource/ThIST/legno;http://www.eionet.europa.eu/gemet/concept/9349;E
http://linkeddata.ge.imati.cnr.it/resource/ThIST/lessico;http://www.eionet.europa.eu/gemet/concept/4785;E
http://linkeddata.ge.imati.cnr.it/resource/ThIST/letteratura;http://www.eionet.europa.eu/gemet/concept/4850;E
http://linkeddata.ge.imati.cnr.it/resource/ThIST/limnologia;http://www.eionet.europa.eu/gemet/concept/4830;E
http://linkeddata.ge.imati.cnr.it/resource/ThIST/limo;http://www.eionet.europa.eu/gemet/concept/7698;E
http://linkeddata.ge.imati.cnr.it/resource/ThIST/lisciviazione;http://www.eionet.europa.eu/gemet/concept/4722;E
http://linkeddata.ge.imati.cnr.it/resource/ThIST/litorale;http://www.eionet.europa.eu/gemet/concept/4858;E
http://linkeddata.ge.imati.cnr.it/resource/ThIST/litosfera;http://www.eionet.europa.eu/gemet/concept/4855;E
http://linkeddata.ge.imati.cnr.it/resource/ThIST/livellodellacqua;http://www.eionet.europa.eu/gemet/concept/9190;E
http://linkeddata.ge.imati.cnr.it/resource/ThIST/longitudine;http://www.eionet.europa.eu/gemet/concept/14937;E
http://linkeddata.ge.imati.cnr.it/resource/ThIST/luce;http://www.eionet.europa.eu/gemet/concept/4810;E
http://linkeddata.ge.imati.cnr.it/resource/ThIST/luce;http://www.eionet.europa.eu/gemet/concept/4810;E
http://linkeddata.ge.imati.cnr.it/resource/ThIST/macchia;http://www.eionet.europa.eu/gemet/concept/10699;E
http://linkeddata.ge.imati.cnr.it/resource/ThIST/magnetismo;http://www.eionet.europa.eu/gemet/concept/4965;E
http://linkeddata.ge.imati.cnr.it/resource/ThIST/mammiferi;http://www.eionet.europa.eu/gemet/concept/4982;E
http://linkeddata.ge.imati.cnr.it/resource/ThIST/manodopera;http://www.eionet.europa.eu/gemet/concept/5004;E
http://linkeddata.ge.imati.cnr.it/resource/ThIST/mare;http://www.eionet.europa.eu/gemet/concept/7495;E
http://linkeddata.ge.imati.cnr.it/resource/ThIST/mare;http://www.eionet.europa.eu/gemet/concept/7495;E
http://linkeddata.ge.imati.cnr.it/resource/ThIST/marea;http://www.eionet.europa.eu/gemet/concept/8480;E
http://linkeddata.ge.imati.cnr.it/resource/ThIST/materialesintetico;http://www.eionet.europa.eu/gemet/concept/8272;E
http://linkeddata.ge.imati.cnr.it/resource/ThIST/materiali;http://www.eionet.europa.eu/gemet/concept/5086;E
http://linkeddata.ge.imati.cnr.it/resource/ThIST/materiaorganica;http://www.eionet.europa.eu/gemet/concept/11227;E
http://linkeddata.ge.imati.cnr.it/resource/ThIST/materiaprima;http://www.eionet.europa.eu/gemet/concept/6967;E
http://linkeddata.ge.imati.cnr.it/resource/ThIST/meccanicadellerocce;http://www.eionet.europa.eu/gemet/concept/12666;E
http://linkeddata.ge.imati.cnr.it/resource/ThIST/meccanicadelsuolo;http://www.eionet.europa.eu/gemet/concept/7871;E
http://linkeddata.ge.imati.cnr.it/resource/ThIST/mercato;http://www.eionet.europa.eu/gemet/concept/5058;E
http://linkeddata.ge.imati.cnr.it/resource/ThIST/mescolamento;http://www.eionet.europa.eu/gemet/concept/5318;E
http://linkeddata.ge.imati.cnr.it/resource/ThIST/metabolismo;http://www.eionet.europa.eu/gemet/concept/5161;E
http://linkeddata.ge.imati.cnr.it/resource/ThIST/metallo;http://www.eionet.europa.eu/gemet/concept/5184;E
http://linkeddata.ge.imati.cnr.it/resource/ThIST/metallononferroso;http://www.eionet.europa.eu/gemet/concept/5670;E
http://linkeddata.ge.imati.cnr.it/resource/ThIST/metallopesante;http://www.eionet.europa.eu/gemet/concept/3915;E
http://linkeddata.ge.imati.cnr.it/resource/ThIST/meteorologia;http://www.eionet.europa.eu/gemet/concept/5197;E
http://linkeddata.ge.imati.cnr.it/resource/ThIST/metodo;http://www.eionet.europa.eu/gemet/concept/13088;E
http://linkeddata.ge.imati.cnr.it/resource/ThIST/metododicalcolo;http://www.eionet.europa.eu/gemet/concept/1113;E
http://linkeddata.ge.imati.cnr.it/resource/ThIST/metodologia;http://www.eionet.europa.eu/gemet/concept/5203;E
http://linkeddata.ge.imati.cnr.it/resource/ThIST/metodomatematico;http://www.eionet.europa.eu/gemet/concept/5099;E
http://linkeddata.ge.imati.cnr.it/resource/ThIST/metropolitana;http://www.eionet.europa.eu/gemet/concept/8760;E
http://linkeddata.ge.imati.cnr.it/resource/ThIST/mezzoditrasporto;http://www.eionet.europa.eu/gemet/concept/8641;E
http://linkeddata.ge.imati.cnr.it/resource/ThIST/microbiologia;http://www.eionet.europa.eu/gemet/concept/5218;E
http://linkeddata.ge.imati.cnr.it/resource/ThIST/microclimatologia;http://www.eionet.europa.eu/gemet/concept/5221;E
http://linkeddata.ge.imati.cnr.it/resource/ThIST/microorganismo;http://www.eionet.europa.eu/gemet/concept/5228;E
http://linkeddata.ge.imati.cnr.it/resource/ThIST/microscopia;http://www.eionet.europa.eu/gemet/concept/5230;E
http://linkeddata.ge.imati.cnr.it/resource/ThIST/mineralenonmetallico;http://www.eionet.europa.eu/gemet/concept/5675;E
http://linkeddata.ge.imati.cnr.it/resource/ThIST/mineralizzazione;http://www.eionet.europa.eu/gemet/concept/5269;E
http://linkeddata.ge.imati.cnr.it/resource/ThIST/mineralogia;http://www.eionet.europa.eu/gemet/concept/5270;E
http://linkeddata.ge.imati.cnr.it/resource/ThIST/miniera;http://www.eionet.europa.eu/gemet/concept/5261;E
http://linkeddata.ge.imati.cnr.it/resource/ThIST/miscibilita;http://www.eionet.europa.eu/gemet/concept/5307;E
http://linkeddata.ge.imati.cnr.it/resource/ThIST/modello;http://www.eionet.europa.eu/gemet/concept/5325;E
http://linkeddata.ge.imati.cnr.it/resource/ThIST/monitoraggio;http://www.eionet.europa.eu/gemet/concept/5346;E
http://linkeddata.ge.imati.cnr.it/resource/ThIST/monitoraggioambientale;http://www.eionet.europa.eu/gemet/concept/2882;E
http://linkeddata.ge.imati.cnr.it/resource/ThIST/monossidodicarbonio;http://www.eionet.europa.eu/gemet/concept/1173;E
http://linkeddata.ge.imati.cnr.it/resource/ThIST/monumento;http://www.eionet.europa.eu/gemet/concept/5360;E
http://linkeddata.ge.imati.cnr.it/resource/ThIST/morchia;http://www.eionet.europa.eu/gemet/concept/7733;E
http://linkeddata.ge.imati.cnr.it/resource/ThIST/morfologia;http://www.eionet.europa.eu/gemet/concept/5369;E
http://linkeddata.ge.imati.cnr.it/resource/ThIST/morfologiasottomarina;http://www.eionet.europa.eu/gemet/concept/8158;E
http://linkeddata.ge.imati.cnr.it/resource/ThIST/museo;http://www.eionet.europa.eu/gemet/concept/5444;E
http://linkeddata.ge.imati.cnr.it/resource/ThIST/mutazione;http://www.eionet.europa.eu/gemet/concept/5462;E
http://linkeddata.ge.imati.cnr.it/resource/ThIST/nazioniunite;http://www.eionet.europa.eu/gemet/concept/8776;E
http://linkeddata.ge.imati.cnr.it/resource/ThIST/nebbia;http://www.eionet.europa.eu/gemet/concept/3347;E
http://linkeddata.ge.imati.cnr.it/resource/ThIST/nitrato;http://www.eionet.europa.eu/gemet/concept/5593;E
http://linkeddata.ge.imati.cnr.it/resource/ThIST/nitrificazione;http://www.eionet.europa.eu/gemet/concept/5598;E
http://linkeddata.ge.imati.cnr.it/resource/ThIST/nomenclatura;http://www.eionet.europa.eu/gemet/concept/5664;E
http://linkeddata.ge.imati.cnr.it/resource/ThIST/nonmetallo;http://www.eionet.europa.eu/gemet/concept/5676;E
http://linkeddata.ge.imati.cnr.it/resource/ThIST/nutriente;http://www.eionet.europa.eu/gemet/concept/5763;E
http://linkeddata.ge.imati.cnr.it/resource/ThIST/nutrizione;http://www.eionet.europa.eu/gemet/concept/5765;E
http://linkeddata.ge.imati.cnr.it/resource/ThIST/oceania;http://www.eionet.europa.eu/gemet/concept/5794;E
http://linkeddata.ge.imati.cnr.it/resource/ThIST/oceano;http://www.eionet.europa.eu/gemet/concept/5789;E
http://linkeddata.ge.imati.cnr.it/resource/ThIST/oceanoantartico;http://www.eionet.europa.eu/gemet/concept/464;E
http://linkeddata.ge.imati.cnr.it/resource/ThIST/oceanoartico;http://www.eionet.europa.eu/gemet/concept/542;E
http://linkeddata.ge.imati.cnr.it/resource/ThIST/oceanografia;http://www.eionet.europa.eu/gemet/concept/5797;E
http://linkeddata.ge.imati.cnr.it/resource/ThIST/oleodotto;http://www.eionet.europa.eu/gemet/concept/5836;E
http://linkeddata.ge.imati.cnr.it/resource/ThIST/ontogenesi;http://www.eionet.europa.eu/gemet/concept/13111;E
http://linkeddata.ge.imati.cnr.it/resource/ThIST/opinionepubblica;http://www.eionet.europa.eu/gemet/concept/6804;E
http://linkeddata.ge.imati.cnr.it/resource/ThIST/orografia;http://www.eionet.europa.eu/gemet/concept/5944;E
http://linkeddata.ge.imati.cnr.it/resource/ThIST/ortobotanico;http://www.eionet.europa.eu/gemet/concept/969;e
http://linkeddata.ge.imati.cnr.it/resource/ThIST/osmosi;http://www.eionet.europa.eu/gemet/concept/5949;E
http://linkeddata.ge.imati.cnr.it/resource/ThIST/ospedale;http://www.eionet.europa.eu/gemet/concept/3999;E
http://linkeddata.ge.imati.cnr.it/resource/ThIST/ossidazione;http://www.eionet.europa.eu/gemet/concept/5972;E
http://linkeddata.ge.imati.cnr.it/resource/ThIST/ossigenazione;http://www.eionet.europa.eu/gemet/concept/5983;E
http://linkeddata.ge.imati.cnr.it/resource/ThIST/ossigenazione;http://www.eionet.europa.eu/gemet/concept/5983;E
http://linkeddata.ge.imati.cnr.it/resource/ThIST/ossigeno;http://www.eionet.europa.eu/gemet/concept/5982;E
http://linkeddata.ge.imati.cnr.it/resource/ThIST/ossigenodisciolto;http://www.eionet.europa.eu/gemet/concept/11788;E
http://linkeddata.ge.imati.cnr.it/resource/ThIST/ozono;http://www.eionet.europa.eu/gemet/concept/5991;E
http://linkeddata.ge.imati.cnr.it/resource/ThIST/paesaggio;http://www.eionet.europa.eu/gemet/concept/4648;E
http://linkeddata.ge.imati.cnr.it/resource/ThIST/paleoclimatologia;http://www.eionet.europa.eu/gemet/concept/12045;E
http://linkeddata.ge.imati.cnr.it/resource/ThIST/paleoecologia;http://www.eionet.europa.eu/gemet/concept/10135;E
http://linkeddata.ge.imati.cnr.it/resource/ThIST/paleontologia;http://www.eionet.europa.eu/gemet/concept/6013;E
http://linkeddata.ge.imati.cnr.it/resource/ThIST/palude;http://www.eionet.europa.eu/gemet/concept/8252;E
http://linkeddata.ge.imati.cnr.it/resource/ThIST/parconazionale;http://www.eionet.europa.eu/gemet/concept/5484;E
http://linkeddata.ge.imati.cnr.it/resource/ThIST/particella;http://www.eionet.europa.eu/gemet/concept/6052;E
http://linkeddata.ge.imati.cnr.it/resource/ThIST/patologia;http://www.eionet.europa.eu/gemet/concept/6066;E
http://linkeddata.ge.imati.cnr.it/resource/ThIST/percolato;http://www.eionet.europa.eu/gemet/concept/7628;E
http://linkeddata.ge.imati.cnr.it/resource/ThIST/perdita;http://www.eionet.europa.eu/gemet/concept/4731;E
http://linkeddata.ge.imati.cnr.it/resource/ThIST/perforazione;http://www.eionet.europa.eu/gemet/concept/2333;E
http://linkeddata.ge.imati.cnr.it/resource/ThIST/permeabilita;http://www.eionet.europa.eu/gemet/concept/6120;E
http://linkeddata.ge.imati.cnr.it/resource/ThIST/pesticida;http://www.eionet.europa.eu/gemet/concept/6140;E
http://linkeddata.ge.imati.cnr.it/resource/ThIST/petrolio;http://www.eionet.europa.eu/gemet/concept/6161;E
http://linkeddata.ge.imati.cnr.it/resource/ThIST/pianificazione;http://www.eionet.europa.eu/gemet/concept/6287;E
http://linkeddata.ge.imati.cnr.it/resource/ThIST/pianificazioneregionale;http://www.eionet.europa.eu/gemet/concept/7075;E
http://linkeddata.ge.imati.cnr.it/resource/ThIST/pianificazioneterritoriale;http://www.eionet.europa.eu/gemet/concept/4635;E
http://linkeddata.ge.imati.cnr.it/resource/ThIST/piante;http://www.eionet.europa.eu/gemet/concept/6323;E
http://linkeddata.ge.imati.cnr.it/resource/ThIST/pianura;http://www.eionet.europa.eu/gemet/concept/6276;E
http://linkeddata.ge.imati.cnr.it/resource/ThIST/piattaformacontinentale;http://www.eionet.europa.eu/gemet/concept/1757;E
http://linkeddata.ge.imati.cnr.it/resource/ThIST/pioggia;http://www.eionet.europa.eu/gemet/concept/6947;E
http://linkeddata.ge.imati.cnr.it/resource/ThIST/pirolisi;http://www.eionet.europa.eu/gemet/concept/6855;E
http://linkeddata.ge.imati.cnr.it/resource/ThIST/pixel;http://www.eionet.europa.eu/gemet/concept/14900;E
http://linkeddata.ge.imati.cnr.it/resource/ThIST/plancton;http://www.eionet.europa.eu/gemet/concept/6282;E
http://linkeddata.ge.imati.cnr.it/resource/ThIST/polder;http://www.eionet.europa.eu/gemet/concept/6365;E
http://linkeddata.ge.imati.cnr.it/resource/ThIST/polimerizzazione;http://www.eionet.europa.eu/gemet/concept/6498;E
http://linkeddata.ge.imati.cnr.it/resource/ThIST/politica;http://www.eionet.europa.eu/gemet/concept/6370;E
http://linkeddata.ge.imati.cnr.it/resource/ThIST/politica;http://www.eionet.europa.eu/gemet/concept/6371;E
http://linkeddata.ge.imati.cnr.it/resource/ThIST/polline;http://www.eionet.europa.eu/gemet/concept/6392;E
http://linkeddata.ge.imati.cnr.it/resource/ThIST/pompadicalore;http://www.eionet.europa.eu/gemet/concept/3904;E
http://linkeddata.ge.imati.cnr.it/resource/ThIST/pompaggio;http://www.eionet.europa.eu/gemet/concept/6833;E
http://linkeddata.ge.imati.cnr.it/resource/ThIST/porto;http://www.eionet.europa.eu/gemet/concept/3834;E
http://linkeddata.ge.imati.cnr.it/resource/ThIST/pozzo;http://www.eionet.europa.eu/gemet/concept/9290;E
http://linkeddata.ge.imati.cnr.it/resource/ThIST/precipitazioneatmosferica;http://www.eionet.europa.eu/gemet/concept/637;E
http://linkeddata.ge.imati.cnr.it/resource/ThIST/precipitazionechimica;http://www.eionet.europa.eu/gemet/concept/6570;E
http://linkeddata.ge.imati.cnr.it/resource/ThIST/predatore;http://www.eionet.europa.eu/gemet/concept/6577;E
http://linkeddata.ge.imati.cnr.it/resource/ThIST/pressione;http://www.eionet.europa.eu/gemet/concept/6593;E
http://linkeddata.ge.imati.cnr.it/resource/ThIST/previsione;http://www.eionet.europa.eu/gemet/concept/3400;E
http://linkeddata.ge.imati.cnr.it/resource/ThIST/processoaumido;http://www.eionet.europa.eu/gemet/concept/9299;E
http://linkeddata.ge.imati.cnr.it/resource/ThIST/prodottodidecadimento;http://www.eionet.europa.eu/gemet/concept/1993;E
http://linkeddata.ge.imati.cnr.it/resource/ThIST/produttivita;http://www.eionet.europa.eu/gemet/concept/6670;E
http://linkeddata.ge.imati.cnr.it/resource/ThIST/profilodelsuolo;http://www.eionet.europa.eu/gemet/concept/7882;E
http://linkeddata.ge.imati.cnr.it/resource/ThIST/progetto;http://www.eionet.europa.eu/gemet/concept/6710;E
http://linkeddata.ge.imati.cnr.it/resource/ThIST/programma;http://www.eionet.europa.eu/gemet/concept/6705;E
http://linkeddata.ge.imati.cnr.it/resource/ThIST/protezioneambientale;http://www.eionet.europa.eu/gemet/concept/1700;E
http://linkeddata.ge.imati.cnr.it/resource/ThIST/protezionecivile;http://www.eionet.europa.eu/gemet/concept/1436;E
http://linkeddata.ge.imati.cnr.it/resource/ThIST/radar;http://www.eionet.europa.eu/gemet/concept/6883;E
http://linkeddata.ge.imati.cnr.it/resource/ThIST/radiazione;http://www.eionet.europa.eu/gemet/concept/6884;E
http://linkeddata.ge.imati.cnr.it/resource/ThIST/radiazionedifondo;http://www.eionet.europa.eu/gemet/concept/695;E
http://linkeddata.ge.imati.cnr.it/resource/ThIST/radiazionesolare;http://www.eionet.europa.eu/gemet/concept/7912;E
http://linkeddata.ge.imati.cnr.it/resource/ThIST/radiazionesolare;http://www.eionet.europa.eu/gemet/concept/7912;E
http://linkeddata.ge.imati.cnr.it/resource/ThIST/radice;http://www.eionet.europa.eu/gemet/concept/7312;E
http://linkeddata.ge.imati.cnr.it/resource/ThIST/radioattivita;http://www.eionet.europa.eu/gemet/concept/6925;E
http://linkeddata.ge.imati.cnr.it/resource/ThIST/raffinazione;http://www.eionet.europa.eu/gemet/concept/7036;E
http://linkeddata.ge.imati.cnr.it/resource/ThIST/raffreddamento;http://www.eionet.europa.eu/gemet/concept/1781;E
http://linkeddata.ge.imati.cnr.it/resource/ThIST/raggix;http://www.eionet.europa.eu/gemet/concept/9398;E
http://linkeddata.ge.imati.cnr.it/resource/ThIST/reattorenucleare;http://www.eionet.europa.eu/gemet/concept/5742;E
http://linkeddata.ge.imati.cnr.it/resource/ThIST/regioneartica;http://www.eionet.europa.eu/gemet/concept/543;E
http://linkeddata.ge.imati.cnr.it/resource/ThIST/registrazione;http://www.eionet.europa.eu/gemet/concept/7082;E
http://linkeddata.ge.imati.cnr.it/resource/ThIST/regolamento;http://www.eionet.europa.eu/gemet/concept/11514;E
http://linkeddata.ge.imati.cnr.it/resource/ThIST/respirazione;http://www.eionet.europa.eu/gemet/concept/7176;E
http://linkeddata.ge.imati.cnr.it/resource/ThIST/restauro;http://www.eionet.europa.eu/gemet/concept/7188;E
http://linkeddata.ge.imati.cnr.it/resource/ThIST/reteferroviaria;http://www.eionet.europa.eu/gemet/concept/11276;E
http://linkeddata.ge.imati.cnr.it/resource/ThIST/reteidrografica;http://www.eionet.europa.eu/gemet/concept/12135;E
http://linkeddata.ge.imati.cnr.it/resource/ThIST/retestradale;http://www.eionet.europa.eu/gemet/concept/11277;E
http://linkeddata.ge.imati.cnr.it/resource/ThIST/rettili;http://www.eionet.europa.eu/gemet/concept/7124;E
http://linkeddata.ge.imati.cnr.it/resource/ThIST/ricadutaradioattiva;http://www.eionet.europa.eu/gemet/concept/3110;E
http://linkeddata.ge.imati.cnr.it/resource/ThIST/ricerca;http://www.eionet.europa.eu/gemet/concept/7127;E
http://linkeddata.ge.imati.cnr.it/resource/ThIST/ricercascientifica;http://www.eionet.europa.eu/gemet/concept/11148;E
http://linkeddata.ge.imati.cnr.it/resource/ThIST/ricercascientifica;http://www.eionet.europa.eu/gemet/concept/7127;E
http://linkeddata.ge.imati.cnr.it/resource/ThIST/riciclaggio;http://www.eionet.europa.eu/gemet/concept/7015;E
http://linkeddata.ge.imati.cnr.it/resource/ThIST/riduzionechimica;http://www.eionet.europa.eu/gemet/concept/7030;E
http://linkeddata.ge.imati.cnr.it/resource/ThIST/rifiutochimico;http://www.eionet.europa.eu/gemet/concept/1341;E
http://linkeddata.ge.imati.cnr.it/resource/ThIST/riflessionedonda;http://www.eionet.europa.eu/gemet/concept/7037;E
http://linkeddata.ge.imati.cnr.it/resource/ThIST/rilevabilita;http://www.eionet.europa.eu/gemet/concept/2127;E
http://linkeddata.ge.imati.cnr.it/resource/ThIST/rilievo;http://www.eionet.europa.eu/gemet/concept/10176;E
http://linkeddata.ge.imati.cnr.it/resource/ThIST/ripiantumazione;http://www.eionet.europa.eu/gemet/concept/7202;E
http://linkeddata.ge.imati.cnr.it/resource/ThIST/rischio;http://www.eionet.europa.eu/gemet/concept/7233;E
http://linkeddata.ge.imati.cnr.it/resource/ThIST/rischiodiinquinamento;http://www.eionet.europa.eu/gemet/concept/6472;E
http://linkeddata.ge.imati.cnr.it/resource/ThIST/rischionaturale;http://www.eionet.europa.eu/gemet/concept/10102;E
http://linkeddata.ge.imati.cnr.it/resource/ThIST/riserva;http://www.eionet.europa.eu/gemet/concept/10201;E
http://linkeddata.ge.imati.cnr.it/resource/ThIST/riservamarina;http://www.eionet.europa.eu/gemet/concept/5046;E
http://linkeddata.ge.imati.cnr.it/resource/ThIST/riservanaturale;http://www.eionet.europa.eu/gemet/concept/5545;E
http://linkeddata.ge.imati.cnr.it/resource/ThIST/risorse;http://www.eionet.europa.eu/gemet/concept/7168;E
http://linkeddata.ge.imati.cnr.it/resource/ThIST/risorseenergetiche;http://www.eionet.europa.eu/gemet/concept/2738;E
http://linkeddata.ge.imati.cnr.it/resource/ThIST/risorseidriche;http://www.eionet.europa.eu/gemet/concept/9221;E
http://linkeddata.ge.imati.cnr.it/resource/ThIST/risorsenaturali;http://www.eionet.europa.eu/gemet/concept/5521;E
http://linkeddata.ge.imati.cnr.it/resource/ThIST/roccia;http://www.eionet.europa.eu/gemet/concept/7298;E
http://linkeddata.ge.imati.cnr.it/resource/ThIST/rumore;http://www.eionet.europa.eu/gemet/concept/5624;E
http://linkeddata.ge.imati.cnr.it/resource/ThIST/rumoredifondo;http://www.eionet.europa.eu/gemet/concept/11921;E
http://linkeddata.ge.imati.cnr.it/resource/ThIST/rumoredifondo;http://www.eionet.europa.eu/gemet/concept/5624;E
http://linkeddata.ge.imati.cnr.it/resource/ThIST/ruscellamento;http://www.eionet.europa.eu/gemet/concept/7340;E
http://linkeddata.ge.imati.cnr.it/resource/ThIST/sale;http://www.eionet.europa.eu/gemet/concept/7401;E
http://linkeddata.ge.imati.cnr.it/resource/ThIST/salina;http://www.eionet.europa.eu/gemet/concept/13567;E
http://linkeddata.ge.imati.cnr.it/resource/ThIST/satellite;http://www.eionet.europa.eu/gemet/concept/7452;E
http://linkeddata.ge.imati.cnr.it/resource/ThIST/satelliteartificiale;http://www.eionet.europa.eu/gemet/concept/587;E
http://linkeddata.ge.imati.cnr.it/resource/ThIST/scambioionico;http://www.eionet.europa.eu/gemet/concept/4485;E
http://linkeddata.ge.imati.cnr.it/resource/ThIST/scavo;http://www.eionet.europa.eu/gemet/concept/3032;E
http://linkeddata.ge.imati.cnr.it/resource/ThIST/sceltadelsito;http://www.eionet.europa.eu/gemet/concept/7709;E
http://linkeddata.ge.imati.cnr.it/resource/ThIST/scienzedellaterra;http://www.eionet.europa.eu/gemet/concept/2405;E
http://linkeddata.ge.imati.cnr.it/resource/ThIST/scienzenaturali;http://www.eionet.europa.eu/gemet/concept/5524;E
http://linkeddata.ge.imati.cnr.it/resource/ThIST/scogliera;http://www.eionet.europa.eu/gemet/concept/7034;E
http://linkeddata.ge.imati.cnr.it/resource/ThIST/sedimento;http://www.eionet.europa.eu/gemet/concept/7565;E
http://linkeddata.ge.imati.cnr.it/resource/ThIST/sedimentologia;http://www.eionet.europa.eu/gemet/concept/12139;E
http://linkeddata.ge.imati.cnr.it/resource/ThIST/selenio;http://www.eionet.europa.eu/gemet/concept/7590;E
http://linkeddata.ge.imati.cnr.it/resource/ThIST/selvicoltura;http://www.eionet.europa.eu/gemet/concept/3439;E
http://linkeddata.ge.imati.cnr.it/resource/ThIST/seme;http://www.eionet.europa.eu/gemet/concept/7567;E
http://linkeddata.ge.imati.cnr.it/resource/ThIST/separazione;http://www.eionet.europa.eu/gemet/concept/5081;E
http://linkeddata.ge.imati.cnr.it/resource/ThIST/separazione;http://www.eionet.europa.eu/gemet/concept/5081;E
http://linkeddata.ge.imati.cnr.it/resource/ThIST/sforzo;http://www.eionet.europa.eu/gemet/concept/8141;E
http://linkeddata.ge.imati.cnr.it/resource/ThIST/siccita;http://www.eionet.europa.eu/gemet/concept/2347;E
http://linkeddata.ge.imati.cnr.it/resource/ThIST/sicurezza;http://www.eionet.europa.eu/gemet/concept/7362;E
http://linkeddata.ge.imati.cnr.it/resource/ThIST/sigillatura;http://www.eionet.europa.eu/gemet/concept/7516;E
http://linkeddata.ge.imati.cnr.it/resource/ThIST/silicio;http://www.eionet.europa.eu/gemet/concept/7694;E
http://linkeddata.ge.imati.cnr.it/resource/ThIST/simbiosi;http://www.eionet.europa.eu/gemet/concept/8259;E
http://linkeddata.ge.imati.cnr.it/resource/ThIST/simulazione;http://www.eionet.europa.eu/gemet/concept/7702;E
http://linkeddata.ge.imati.cnr.it/resource/ThIST/sinecologia;http://www.eionet.europa.eu/gemet/concept/8262;E
http://linkeddata.ge.imati.cnr.it/resource/ThIST/sinterizzazione;http://www.eionet.europa.eu/gemet/concept/7707;E
http://linkeddata.ge.imati.cnr.it/resource/ThIST/sistemadiallarme;http://www.eionet.europa.eu/gemet/concept/9035;E
http://linkeddata.ge.imati.cnr.it/resource/ThIST/sistemadicoordinate;http://www.eionet.europa.eu/gemet/concept/14935;E
http://linkeddata.ge.imati.cnr.it/resource/ThIST/sistemaesperto;http://www.eionet.europa.eu/gemet/concept/3054;E
http://linkeddata.ge.imati.cnr.it/resource/ThIST/sistemainformativo;http://www.eionet.europa.eu/gemet/concept/4311;E
http://linkeddata.ge.imati.cnr.it/resource/ThIST/sistemanervoso;http://www.eionet.europa.eu/gemet/concept/5569;E
http://linkeddata.ge.imati.cnr.it/resource/ThIST/sociologia;http://www.eionet.europa.eu/gemet/concept/7831;E
http://linkeddata.ge.imati.cnr.it/resource/ThIST/software;http://www.eionet.europa.eu/gemet/concept/7842;E
http://linkeddata.ge.imati.cnr.it/resource/ThIST/solfato;http://www.eionet.europa.eu/gemet/concept/8190;E
http://linkeddata.ge.imati.cnr.it/resource/ThIST/solfuro;http://www.eionet.europa.eu/gemet/concept/8192;E
http://linkeddata.ge.imati.cnr.it/resource/ThIST/solubilita;http://www.eionet.europa.eu/gemet/concept/7923;E
http://linkeddata.ge.imati.cnr.it/resource/ThIST/solubilita;http://www.eionet.europa.eu/gemet/concept/7923;E
http://linkeddata.ge.imati.cnr.it/resource/ThIST/sorgentepuntiforme;http://www.eionet.europa.eu/gemet/concept/6357;E
http://linkeddata.ge.imati.cnr.it/resource/ThIST/sorption;http://www.eionet.europa.eu/gemet/concept/7930;E
http://linkeddata.ge.imati.cnr.it/resource/ThIST/sorveglianza;http://www.eionet.europa.eu/gemet/concept/8239;E
http://linkeddata.ge.imati.cnr.it/resource/ThIST/sostanzainfiammabile;http://www.eionet.europa.eu/gemet/concept/4296;E
http://linkeddata.ge.imati.cnr.it/resource/ThIST/sostanzatossica;http://www.eionet.europa.eu/gemet/concept/8546;E
http://linkeddata.ge.imati.cnr.it/resource/ThIST/sostanzavolatile;http://www.eionet.europa.eu/gemet/concept/11794;E
http://linkeddata.ge.imati.cnr.it/resource/ThIST/sostituzione;http://www.eionet.europa.eu/gemet/concept/7114;E
http://linkeddata.ge.imati.cnr.it/resource/ThIST/sottosuolo;http://www.eionet.europa.eu/gemet/concept/8167;E
http://linkeddata.ge.imati.cnr.it/resource/ThIST/spartiacque;http://www.eionet.europa.eu/gemet/concept/9235;E
http://linkeddata.ge.imati.cnr.it/resource/ThIST/specie;http://www.eionet.europa.eu/gemet/concept/7982;E
http://linkeddata.ge.imati.cnr.it/resource/ThIST/specieendemica;http://www.eionet.europa.eu/gemet/concept/10562;E
http://linkeddata.ge.imati.cnr.it/resource/ThIST/spettrometria;http://www.eionet.europa.eu/gemet/concept/7992;E
http://linkeddata.ge.imati.cnr.it/resource/ThIST/spettroscopia;http://www.eionet.europa.eu/gemet/concept/7992;E
http://linkeddata.ge.imati.cnr.it/resource/ThIST/stagno;http://www.eionet.europa.eu/gemet/concept/6507;E
http://linkeddata.ge.imati.cnr.it/resource/ThIST/standard;http://www.eionet.europa.eu/gemet/concept/8047;E
http://linkeddata.ge.imati.cnr.it/resource/ThIST/standardiso;http://www.eionet.europa.eu/gemet/concept/11431;E
http://linkeddata.ge.imati.cnr.it/resource/ThIST/standardizzazione;http://www.eionet.europa.eu/gemet/concept/8048;E
http://linkeddata.ge.imati.cnr.it/resource/ThIST/statistica;http://www.eionet.europa.eu/gemet/concept/8076;E
http://linkeddata.ge.imati.cnr.it/resource/ThIST/statodellarte;http://www.eionet.europa.eu/gemet/concept/8067;E
http://linkeddata.ge.imati.cnr.it/resource/ThIST/stazioneferroviaria;http://www.eionet.europa.eu/gemet/concept/11269;E
http://linkeddata.ge.imati.cnr.it/resource/ThIST/storia;http://www.eionet.europa.eu/gemet/concept/3983;E
http://linkeddata.ge.imati.cnr.it/resource/ThIST/storiadellageologia;http://www.eionet.europa.eu/gemet/concept/3983;E
http://linkeddata.ge.imati.cnr.it/resource/ThIST/strada;http://www.eionet.europa.eu/gemet/concept/7272;E
http://linkeddata.ge.imati.cnr.it/resource/ThIST/stratolimite;http://www.eionet.europa.eu/gemet/concept/976;E
http://linkeddata.ge.imati.cnr.it/resource/ThIST/stratosfera;http://www.eionet.europa.eu/gemet/concept/8128;E
http://linkeddata.ge.imati.cnr.it/resource/ThIST/strumentazione;http://www.eionet.europa.eu/gemet/concept/11701;E
http://linkeddata.ge.imati.cnr.it/resource/ThIST/struttura;http://www.eionet.europa.eu/gemet/concept/3097;E
http://linkeddata.ge.imati.cnr.it/resource/ThIST/strutturadelsuolo;http://www.eionet.europa.eu/gemet/concept/7895;E
http://linkeddata.ge.imati.cnr.it/resource/ThIST/studiosperimentale;http://www.eionet.europa.eu/gemet/concept/11807;E
http://linkeddata.ge.imati.cnr.it/resource/ThIST/subsidenza;http://www.eionet.europa.eu/gemet/concept/8163;E
http://linkeddata.ge.imati.cnr.it/resource/ThIST/suolo;http://www.eionet.europa.eu/gemet/concept/7843;E
http://linkeddata.ge.imati.cnr.it/resource/ThIST/svilupposostenibile;http://www.eionet.europa.eu/gemet/concept/8247;E
http://linkeddata.ge.imati.cnr.it/resource/ThIST/tabacco;http://www.eionet.europa.eu/gemet/concept/8501;E
http://linkeddata.ge.imati.cnr.it/resource/ThIST/tassazione;http://www.eionet.europa.eu/gemet/concept/8308;E
http://linkeddata.ge.imati.cnr.it/resource/ThIST/tasso;http://www.eionet.europa.eu/gemet/concept/11130;E
http://linkeddata.ge.imati.cnr.it/resource/ThIST/tassonomia;http://www.eionet.europa.eu/gemet/concept/8313;E
http://linkeddata.ge.imati.cnr.it/resource/ThIST/tecnologia;http://www.eionet.europa.eu/gemet/concept/8339;E
http://linkeddata.ge.imati.cnr.it/resource/ThIST/telemetria;http://www.eionet.europa.eu/gemet/concept/8351;E
http://linkeddata.ge.imati.cnr.it/resource/ThIST/telerilevamento;http://www.eionet.europa.eu/gemet/concept/7102;E
http://linkeddata.ge.imati.cnr.it/resource/ThIST/temperatura;http://www.eionet.europa.eu/gemet/concept/8366;E
http://linkeddata.ge.imati.cnr.it/resource/ThIST/temperaturadellaria;http://www.eionet.europa.eu/gemet/concept/281;E
http://linkeddata.ge.imati.cnr.it/resource/ThIST/tempesta;http://www.eionet.europa.eu/gemet/concept/8115;E
http://linkeddata.ge.imati.cnr.it/resource/ThIST/tempo;http://www.eionet.europa.eu/gemet/concept/8487;E
http://linkeddata.ge.imati.cnr.it/resource/ThIST/tempo;http://www.eionet.europa.eu/gemet/concept/9269;E
http://linkeddata.ge.imati.cnr.it/resource/ThIST/tempolibero;http://www.eionet.europa.eu/gemet/concept/4771;E
http://linkeddata.ge.imati.cnr.it/resource/ThIST/tempolibero;http://www.eionet.europa.eu/gemet/concept/7001;E
http://linkeddata.ge.imati.cnr.it/resource/ThIST/tensionedivapore;http://www.eionet.europa.eu/gemet/concept/8898;E
http://linkeddata.ge.imati.cnr.it/resource/ThIST/tensionesuperficiale;http://www.eionet.europa.eu/gemet/concept/8226;E
http://linkeddata.ge.imati.cnr.it/resource/ThIST/terminologia;http://www.eionet.europa.eu/gemet/concept/8380;E
http://linkeddata.ge.imati.cnr.it/resource/ThIST/termiti;http://www.eionet.europa.eu/gemet/concept/8381;E
http://linkeddata.ge.imati.cnr.it/resource/ThIST/termodinamica;http://www.eionet.europa.eu/gemet/concept/8450;E
http://linkeddata.ge.imati.cnr.it/resource/ThIST/terrenosterile;http://www.eionet.europa.eu/gemet/concept/5956;E
http://linkeddata.ge.imati.cnr.it/resource/ThIST/tesi;http://www.eionet.europa.eu/gemet/concept/13026;E
http://linkeddata.ge.imati.cnr.it/resource/ThIST/test;http://www.eionet.europa.eu/gemet/concept/8405;E
http://linkeddata.ge.imati.cnr.it/resource/ThIST/tettonica;http://www.eionet.europa.eu/gemet/concept/8344;E
http://linkeddata.ge.imati.cnr.it/resource/ThIST/thesaurus;http://www.eionet.europa.eu/gemet/concept/8454;E
http://linkeddata.ge.imati.cnr.it/resource/ThIST/torbidita;http://www.eionet.europa.eu/gemet/concept/8711;E
http://linkeddata.ge.imati.cnr.it/resource/ThIST/tossicita;http://www.eionet.europa.eu/gemet/concept/8538;E
http://linkeddata.ge.imati.cnr.it/resource/ThIST/tracciante;http://www.eionet.europa.eu/gemet/concept/5057;E
http://linkeddata.ge.imati.cnr.it/resource/ThIST/traccianteradioattivo;http://www.eionet.europa.eu/gemet/concept/6919;E
http://linkeddata.ge.imati.cnr.it/resource/ThIST/trafficocommerciale;http://www.eionet.europa.eu/gemet/concept/1594;E
http://linkeddata.ge.imati.cnr.it/resource/ThIST/trafficomarittimo;http://www.eionet.europa.eu/gemet/concept/11294;E
http://linkeddata.ge.imati.cnr.it/resource/ThIST/trasferimentoditecnologia;http://www.eionet.europa.eu/gemet/concept/8342;E
http://linkeddata.ge.imati.cnr.it/resource/ThIST/trasporto;http://www.eionet.europa.eu/gemet/concept/8641;E
http://linkeddata.ge.imati.cnr.it/resource/ThIST/trattamentodeirifiuti;http://www.eionet.europa.eu/gemet/concept/9121;E
http://linkeddata.ge.imati.cnr.it/resource/ThIST/trattato;http://www.eionet.europa.eu/gemet/concept/8663;E
http://linkeddata.ge.imati.cnr.it/resource/ThIST/tremore;http://www.eionet.europa.eu/gemet/concept/8959;E
http://linkeddata.ge.imati.cnr.it/resource/ThIST/trivellazione;http://www.eionet.europa.eu/gemet/concept/2333;E
http://linkeddata.ge.imati.cnr.it/resource/ThIST/tundra;http://www.eionet.europa.eu/gemet/concept/8704;E
http://linkeddata.ge.imati.cnr.it/resource/ThIST/turismo;http://www.eionet.europa.eu/gemet/concept/8522;E
http://linkeddata.ge.imati.cnr.it/resource/ThIST/umiditadelsuolo;http://www.eionet.europa.eu/gemet/concept/5332;E
http://linkeddata.ge.imati.cnr.it/resource/ThIST/unioneeuropea;http://www.eionet.europa.eu/gemet/concept/3006;E
http://linkeddata.ge.imati.cnr.it/resource/ThIST/uovo;http://www.eionet.europa.eu/gemet/concept/2573;E
http://linkeddata.ge.imati.cnr.it/resource/ThIST/uragano;http://www.eionet.europa.eu/gemet/concept/4077;E
http://linkeddata.ge.imati.cnr.it/resource/ThIST/urbanistica;http://www.eionet.europa.eu/gemet/concept/8845;E
http://linkeddata.ge.imati.cnr.it/resource/ThIST/urbanizzazione;http://www.eionet.europa.eu/gemet/concept/8820;E
http://linkeddata.ge.imati.cnr.it/resource/ThIST/usodelsuolo;http://www.eionet.europa.eu/gemet/concept/7900;E
http://linkeddata.ge.imati.cnr.it/resource/ThIST/usodelterritorio;http://www.eionet.europa.eu/gemet/concept/4678;E
http://linkeddata.ge.imati.cnr.it/resource/ThIST/valle;http://www.eionet.europa.eu/gemet/concept/8887;E
http://linkeddata.ge.imati.cnr.it/resource/ThIST/valutazione;http://www.eionet.europa.eu/gemet/concept/3011;E
http://linkeddata.ge.imati.cnr.it/resource/ThIST/valutazionedigiacimento;http://www.eionet.europa.eu/gemet/concept/3011;E
http://linkeddata.ge.imati.cnr.it/resource/ThIST/variazionestagionale;http://www.eionet.europa.eu/gemet/concept/11133;E
http://linkeddata.ge.imati.cnr.it/resource/ThIST/vascadidecantazione;http://www.eionet.europa.eu/gemet/concept/7627;E
http://linkeddata.ge.imati.cnr.it/resource/ThIST/vegetazione;http://www.eionet.europa.eu/gemet/concept/8922;E
http://linkeddata.ge.imati.cnr.it/resource/ThIST/ventilazione;http://www.eionet.europa.eu/gemet/concept/8940;E
http://linkeddata.ge.imati.cnr.it/resource/ThIST/vento;http://www.eionet.europa.eu/gemet/concept/9327;E
http://linkeddata.ge.imati.cnr.it/resource/ThIST/vetrificazione;http://www.eionet.europa.eu/gemet/concept/12611;E
http://linkeddata.ge.imati.cnr.it/resource/ThIST/viadotto;http://www.eionet.europa.eu/gemet/concept/8955;E
http://linkeddata.ge.imati.cnr.it/resource/ThIST/viscosita;http://www.eionet.europa.eu/gemet/concept/8977;E
http://linkeddata.ge.imati.cnr.it/resource/ThIST/viticoltura;http://www.eionet.europa.eu/gemet/concept/8987;E
http://linkeddata.ge.imati.cnr.it/resource/ThIST/vulcanismo;http://www.eionet.europa.eu/gemet/concept/9003;E
http://linkeddata.ge.imati.cnr.it/resource/ThIST/vulcanologia;http://www.eionet.europa.eu/gemet/concept/12721;E
http://linkeddata.ge.imati.cnr.it/resource/ThIST/zolfo;http://www.eionet.europa.eu/gemet/concept/8198;E
http://linkeddata.ge.imati.cnr.it/resource/ThIST/zonatura;http://www.eionet.europa.eu/gemet/concept/9417;E
http://linkeddata.ge.imati.cnr.it/resource/ThIST/zoologia;http://www.eionet.europa.eu/gemet/concept/9425;E
http://linkeddata.ge.imati.cnr.it/resource/ThIST/carta;http://www.eionet.europa.eu/gemet/concept/6023;N
http://linkeddata.ge.imati.cnr.it/resource/ThIST/idrogramma;http://www.eionet.europa.eu/gemet/concept/6708;N
http://linkeddata.ge.imati.cnr.it/resource/ThIST/lagoartificiale;http://www.eionet.europa.eu/gemet/concept/579;N
http://linkeddata.ge.imati.cnr.it/resource/ThIST/materialedacostruzione;http://www.eionet.europa.eu/gemet/concept/1042;N
http://linkeddata.ge.imati.cnr.it/resource/ThIST/assimilazionemagmatica;http://www.eionet.europa.eu/gemet/concept/605;NA
http://linkeddata.ge.imati.cnr.it/resource/ThIST/assimilazionemagmatica;http://www.eionet.europa.eu/gemet/concept/605;NA
http://linkeddata.ge.imati.cnr.it/resource/ThIST/bacinodidecantazione;http://www.eionet.europa.eu/gemet/concept/12279;NA
http://linkeddata.ge.imati.cnr.it/resource/ThIST/faldafreatica;http://www.eionet.europa.eu/gemet/concept/12104;NA
http://linkeddata.ge.imati.cnr.it/resource/ThIST/svernamento;http://www.eionet.europa.eu/gemet/concept/5968;NA
http://linkeddata.ge.imati.cnr.it/resource/ThIST/tracciamento;http://www.eionet.europa.eu/gemet/concept/10215;NA